Num scan;Nom du Locator;X;Y;Z;% NORD;Plancher
1001;R110b_01;15.217126;6.562585;-1.850;50;PLANCHER 01 (-03.50m)
1002;R110b_02;14.145717;9.039912;-1.850;50;PLANCHER 01 (-03.50m)
1003;R110b_03;12.590446;9.863444;-1.850;50;PLANCHER 01 (-03.50m)
1004;R110b_04;11.988840;11.411803;-1.850;50;PLANCHER 01 (-03.50m)
1005;R110b_05;10.816627;13.045798;-1.850;50;PLANCHER 01 (-03.50m)
1006;R110a_01;8.720852;14.502184;-1.850;50;PLANCHER 01 (-03.50m)
1007;R110a_02;5.452864;15.070529;-1.850;50;PLANCHER 01 (-03.50m)
1008;R110a_03;2.450423;17.305216;-1.850;50;PLANCHER 01 (-03.50m)
1009;R110a_04;-1.178642;16.863843;-1.850;50;PLANCHER 01 (-03.50m)
1010;R110a_05;-3.042215;17.599464;-1.850;50;PLANCHER 01 (-03.50m)
1011;R110a_06;-4.807706;15.294518;-1.850;50;PLANCHER 01 (-03.50m)
1012;R110a_07;-7.357859;15.932057;-1.850;50;PLANCHER 01 (-03.50m)
1013;R111_01;-4.660582;12.989572;-1.850;50;PLANCHER 01 (-03.50m)
1014;R111_02;-4.317292;11.027915;-1.850;50;PLANCHER 01 (-03.50m)
1015;R111_03;-7.210735;12.548199;-1.850;50;PLANCHER 01 (-03.50m)
1016;R110a_08;-8.829102;13.332862;-1.850;50;PLANCHER 01 (-03.50m)
1017;R110a_09;-11.452415;13.571101;-1.850;50;PLANCHER 01 (-03.50m)
1018;R130c_01;-12.205228;10.420819;-1.850;50;PLANCHER 01 (-03.50m)
1019;R147_01;-11.259425;8.513374;-1.850;50;PLANCHER 01 (-03.50m)
1020;R111_04;-8.547861;6.945751;-1.850;50;PLANCHER 01 (-03.50m)
1021;R111_05;-6.470699;6.530008;-1.850;50;PLANCHER 01 (-03.50m)
1022;R113_01;-3.698544;5.733412;-1.850;50;PLANCHER 01 (-03.50m)
1023;R111_06;-9.529628;10.098759;-1.850;50;PLANCHER 01 (-03.50m)
1024;R113_02;-1.149808;5.814910;-1.850;50;PLANCHER 01 (-03.50m)
1025;R113_03;0.965505;6.691254;-1.850;50;PLANCHER 01 (-03.50m)
1026;R149_01;2.790762;10.305117;-1.850;50;PLANCHER 01 (-03.50m)
1027;R149_02;2.752392;7.233544;-1.850;50;PLANCHER 01 (-03.50m)
1028;R148_01;3.385559;12.924105;-1.850;50;PLANCHER 01 (-03.50m)
1029;R148_02;7.813001;11.854100;-1.850;50;PLANCHER 01 (-03.50m)
1030;R148_03;5.141251;10.911129;-1.850;50;PLANCHER 01 (-03.50m)
1031;R130c_02;-14.233727;8.313808;-1.850;50;PLANCHER 01 (-03.50m)
1032;R130c_03;-15.869711;5.642814;-1.850;50;PLANCHER 01 (-03.50m)
1033;R130a_01;-15.570922;2.770034;-1.850;50;PLANCHER 01 (-03.50m)
1034;R130a_02;-17.000136;0.713360;-1.850;50;PLANCHER 01 (-03.50m)
1035;R130a_03;-16.756124;-1.691902;-1.850;50;PLANCHER 01 (-03.50m)
1036;R130a_04;-15.361769;-4.201741;-1.850;50;PLANCHER 01 (-03.50m)
1037;R130a_05;-15.675499;-6.641862;-1.850;50;PLANCHER 01 (-03.50m)
1038;R130a_06;-14.095973;-8.054647;-1.850;50;PLANCHER 01 (-03.50m)
1039;R130a_07;-13.259629;-9.297764;-1.850;50;PLANCHER 01 (-03.50m)
1040;R130a_08;-14.245451;-9.002017;-1.850;50;PLANCHER 01 (-03.50m)
1041;R130a_09;-11.386567;-11.269408;-1.850;50;PLANCHER 01 (-03.50m)
1042;R130a_10;-13.062464;-10.801143;-1.850;50;PLANCHER 01 (-03.50m)
1043;R130a_11;-9.069885;-13.314989;-1.850;50;PLANCHER 01 (-03.50m)
1044;R147_02;-8.276391;5.517699;-1.850;50;PLANCHER 01 (-03.50m)
3171;R147_03;-7.265857;3.233513;-1.850;50;PLANCHER 01 (-03.50m)
3172;R147_04;-9.495354;3.330479;-1.850;50;PLANCHER 01 (-03.50m)
3173;R147_05;-11.939245;3.475011;-1.850;50;PLANCHER 01 (-03.50m)
3174;R147_06;-13.810169;3.538900;-1.850;50;PLANCHER 01 (-03.50m)
3175;R147_07;-10.245460;1.097616;-1.850;50;PLANCHER 01 (-03.50m)
3176;R147_08;-7.677851;0.096067;-1.850;50;PLANCHER 01 (-03.50m)
3177;R147_09;-9.954100;-2.872161;-1.850;50;PLANCHER 01 (-03.50m)
3178;R147_10;-12.048248;-4.237910;-1.850;50;PLANCHER 01 (-03.50m)
3179;R147_11;-13.942087;-2.089132;-1.850;50;PLANCHER 01 (-03.50m)
3180;R133_01;-5.272147;0.161989;-1.850;50;PLANCHER 01 (-03.50m)
3181;R133_02;-7.216088;-2.159437;-1.850;50;PLANCHER 01 (-03.50m)
3182;R133_03;-4.789957;-1.957260;-1.850;50;PLANCHER 01 (-03.50m)
3183;R133_04;-3.597109;-3.635334;-2.300;50;PLANCHER 01 (-03.50m)
3184;R133_05;-3.314061;-5.293190;-2.500;50;PLANCHER 01 (-03.50m)
3185;R133_06;-0.989018;-4.949488;-2.500;50;PLANCHER 01 (-03.50m)
3186;R123_01;1.720213;-4.765782;-1.850;50;PLANCHER 01 (-03.50m)
3187;R133_07;-4.479497;-5.966917;-2.500;50;PLANCHER 01 (-03.50m)
3188;R131_01;-4.803016;-7.634284;-1.850;50;PLANCHER 01 (-03.50m)
3189;R131_02;-6.843674;-8.928360;-1.850;50;PLANCHER 01 (-03.50m)
3190;R131_03;-8.814798;-10.145582;-1.850;50;PLANCHER 01 (-03.50m)
3192;R131_04;-3.787810;-8.702189;-1.850;50;PLANCHER 01 (-03.50m)
3193;R131_05;-3.489178;-9.846949;-1.850;50;PLANCHER 01 (-03.50m)
3194;R131_06;-3.240317;-11.613860;-1.850;50;PLANCHER 01 (-03.50m)
3195;R131_07;-3.439405;-13.778949;-1.850;50;PLANCHER 01 (-03.50m)
3196;R131_08;-4.584165;-13.181683;-1.850;50;PLANCHER 01 (-03.50m)
4149;R141_01;7.430292;3.583434;-1.850;50;PLANCHER 01 (-03.50m)
4150;R141_02;9.373122;5.974608;-1.850;50;PLANCHER 01 (-03.50m)
4151;R141_03;10.034092;7.975255;-1.850;50;PLANCHER 01 (-03.50m)
4152;R141_04;12.035437;7.875188;-1.850;50;PLANCHER 01 (-03.50m)
4153;R141_05;3.987173;5.559346;-1.850;50;PLANCHER 01 (-03.50m)
4154;R141_06;6.588921;7.932369;-1.850;50;PLANCHER 01 (-03.50m)
4155;R141_07;8.182411;8.816246;-1.850;50;PLANCHER 01 (-03.50m)
4156;R141_08;9.463492;10.665684;-1.850;50;PLANCHER 01 (-03.50m)
4157;R141_09;11.707134;6.650744;-1.850;50;PLANCHER 01 (-03.50m)
4158;R121_01;7.625378;0.186507;-1.850;50;PLANCHER 01 (-03.50m)
4159;R121_02;9.439656;2.354521;-1.850;50;PLANCHER 01 (-03.50m)
4160;R121_03;10.612353;3.422513;-1.850;50;PLANCHER 01 (-03.50m)
4161;R121_04;13.523154;3.548159;-1.850;50;PLANCHER 01 (-03.50m)
4162;R121_05;13.250921;5.893553;-1.850;50;PLANCHER 01 (-03.50m)
4163;R121_06;14.539822;4.773643;-1.850;50;PLANCHER 01 (-03.50m)
4164;R121_07;10.941675;-1.351882;-1.850;50;PLANCHER 01 (-03.50m)
4165;R121_08;13.896339;-1.481149;-1.850;50;PLANCHER 01 (-03.50m)
4166;R121_09;10.850362;1.073821;-1.850;50;PLANCHER 01 (-03.50m)
4167;R123_02;3.839916;-4.493271;-1.850;50;PLANCHER 01 (-03.50m)
4168;R123_03;5.834078;-4.290964;-1.850;50;PLANCHER 01 (-03.50m)
4169;R123_04;5.475762;-2.084814;-3.100;50;PLANCHER 01 (-03.50m)
4170;R120_01;16.628062;3.693600;-1.850;50;PLANCHER 01 (-03.50m)
4171;R120_02;16.779112;-0.043989;-1.850;50;PLANCHER 01 (-03.50m)
4172;R120_03;16.591445;-2.651360;-1.850;50;PLANCHER 01 (-03.50m)
4173;R120_04;15.863982;-5.184007;-1.850;50;PLANCHER 01 (-03.50m)
4174;R120_05;14.382114;-8.174687;-1.850;50;PLANCHER 01 (-03.50m)
4175;R120_06;13.176961;-10.181598;-1.850;50;PLANCHER 01 (-03.50m)
4176;R120_07;12.611155;-11.914381;-1.850;50;PLANCHER 01 (-03.50m)
4177;R120_08;11.037738;-11.771799;-1.850;50;PLANCHER 01 (-03.50m)
4178;R120_09;10.271543;-12.400079;-1.850;50;PLANCHER 01 (-03.50m)
4179;R120_10;9.459564;-12.952836;-1.850;50;PLANCHER 01 (-03.50m)
4191;R120_11;8.562407;-13.675758;-1.850;50;PLANCHER 01 (-03.50m)
4192;R120_12;2.845365;-14.193606;-1.850;50;PLANCHER 01 (-03.50m)
4193;R120_13;5.854382;-14.874363;-1.850;50;PLANCHER 01 (-03.50m)
4194;R120_14;2.497584;-15.671821;-1.850;50;PLANCHER 01 (-03.50m)
4195;R120_15;-0.545197;-15.626755;-1.850;50;PLANCHER 01 (-03.50m)
4196;R145_01;3.442155;-12.743261;-1.850;50;PLANCHER 01 (-03.50m)
4197;R145_02;3.195502;-9.776627;-1.850;50;PLANCHER 01 (-03.50m)
4198;R145_03;2.920435;-7.851156;-1.850;50;PLANCHER 01 (-03.50m)
4199;R145_04;2.045220;-6.750886;-1.850;50;PLANCHER 01 (-03.50m)
4200;R120_16;-3.223786;-15.617999;-1.850;50;PLANCHER 01 (-03.50m)
4201;R130b_01;-5.222266;-14.969169;-1.850;50;PLANCHER 01 (-03.50m)
4202;R130b_02;-6.599160;-15.089481;-1.850;50;PLANCHER 01 (-03.50m)
4203;R130a_12;-8.820498;-13.550286;-1.850;50;PLANCHER 01 (-03.50m)
4204;R131_09;-7.756955;-12.041525;-1.850;50;PLANCHER 01 (-03.50m)
4205;R130a_13;-9.864086;-12.619035;-1.850;50;PLANCHER 01 (-03.50m)
4206;R130a_14;-11.977494;-10.720809;-1.850;50;PLANCHER 01 (-03.50m)
4207;R130a_15;-13.395372;-8.743243;-1.850;50;PLANCHER 01 (-03.50m)
2115;R211_01;-4.429517;13.957832;1.650;50;PLANCHER 02 (+00.00m)
2116;R232_01;-6.055565;-6.048811;1.650;50;PLANCHER 02 (+00.00m)
2117;R232_02;-6.823842;-4.488976;1.650;50;PLANCHER 02 (+00.00m)
2118;R232_03;-8.368147;-7.005152;1.650;50;PLANCHER 02 (+00.00m)
2119;R232_04;-9.865370;-6.096123;1.650;50;PLANCHER 02 (+00.00m)
2120;R246_01;0.218181;-8.032037;1.650;50;PLANCHER 02 (+00.00m)
2121;R246_02;0.099468;-10.399648;1.650;50;PLANCHER 02 (+00.00m)
2122;R220b_01;0.317874;-13.959658;1.650;50;PLANCHER 02 (+00.00m)
2123;R220b_02;1.519104;-14.068861;1.650;50;PLANCHER 02 (+00.00m)
2124;R245_01;3.550275;-8.761607;1.650;50;PLANCHER 02 (+00.00m)
2125;R245_02;3.616087;-11.239068;1.650;50;PLANCHER 02 (+00.00m)
2126;R246_03;-1.519784;-8.279670;1.650;50;PLANCHER 02 (+00.00m)
2127;R245_03;1.616404;-8.743195;1.650;50;PLANCHER 02 (+00.00m)
2128;R210a_01;9.505001;13.897836;1.650;50;PLANCHER 02 (+00.00m)
2129;R210a_02;8.219267;14.626806;1.650;50;PLANCHER 02 (+00.00m)
2130;R210a_03;5.582267;15.704289;1.650;50;PLANCHER 02 (+00.00m)
3081;R248_01;8.986149;11.362723;1.650;50;PLANCHER 02 (+00.00m)
3082;R248_02;8.004759;10.381333;1.650;50;PLANCHER 02 (+00.00m)
3083;R248_03;5.489083;7.879479;1.650;50;PLANCHER 02 (+00.00m)
3084;R248_04;4.023909;6.552529;1.650;50;PLANCHER 02 (+00.00m)
3085;R213_01;3.014874;5.571138;1.650;50;PLANCHER 02 (+00.00m)
3086;R213_02;1.828299;6.738674;1.650;50;PLANCHER 02 (+00.00m)
3087;R213_03;1.097851;8.194072;1.650;50;PLANCHER 02 (+00.00m)
3088;R213_04;0.669554;11.546603;1.650;50;PLANCHER 02 (+00.00m)
3089;R213_05;0.347788;15.123457;1.650;50;PLANCHER 02 (+00.00m)
3090;R248_05;2.482171;11.679767;1.650;50;PLANCHER 02 (+00.00m)
3091;R248_06;2.442721;9.997264;1.650;50;PLANCHER 02 (+00.00m)
3092;R248_07;2.813105;13.241317;1.650;50;PLANCHER 02 (+00.00m)
3093;R248_08;4.198755;12.960964;1.650;50;PLANCHER 02 (+00.00m)
3094;R248_09;5.293316;13.484142;1.650;50;PLANCHER 02 (+00.00m)
3095;R212_01;-1.634925;8.117089;1.650;50;PLANCHER 02 (+00.00m)
3096;R212_02;-2.713267;9.861191;1.650;50;PLANCHER 02 (+00.00m)
3097;R212_03;-0.884773;10.170628;1.650;50;PLANCHER 02 (+00.00m)
3098;R211_02;-4.552371;12.362099;1.650;50;PLANCHER 02 (+00.00m)
3099;R211_03;-5.446466;13.508374;1.650;50;PLANCHER 02 (+00.00m)
3100;R230b_01;-12.890271;10.892110;1.650;50;PLANCHER 02 (+00.00m)
3101;R230b_02;-14.451981;10.860238;1.650;50;PLANCHER 02 (+00.00m)
3102;R230b_03;-14.212944;8.214893;1.650;50;PLANCHER 02 (+00.00m)
3103;R230b_04;-14.866313;6.159172;1.650;50;PLANCHER 02 (+00.00m)
3119;R210a_04;-12.358310;13.177984;1.650;50;PLANCHER 02 (+00.00m)
3120;R210a_05;-10.111479;12.889106;1.650;50;PLANCHER 02 (+00.00m)
3121;R210a_06;-8.153526;14.718669;1.650;50;PLANCHER 02 (+00.00m)
3122;R210a_07;-5.874597;14.879156;1.650;50;PLANCHER 02 (+00.00m)
3123;R210a_08;-2.889522;16.596377;1.650;50;PLANCHER 02 (+00.00m)
3124;R210a_09;0.204591;16.678037;1.650;50;PLANCHER 02 (+00.00m)
3125;R210a_10;3.077326;16.357062;1.650;50;PLANCHER 02 (+00.00m)
3126;R230a_01;-14.604851;-7.739102;1.650;50;PLANCHER 02 (+00.00m)
3127;R230a_02;-13.345248;-10.018383;1.650;50;PLANCHER 02 (+00.00m)
3128;R230a_03;-10.871073;-12.657985;1.650;50;PLANCHER 02 (+00.00m)
3129;R230a_04;-7.982509;-14.546160;1.650;50;PLANCHER 02 (+00.00m)
3130;R230a_05;-6.405084;-15.088400;1.650;50;PLANCHER 02 (+00.00m)
3131;R230a_06;-4.946062;-15.974252;1.650;50;PLANCHER 02 (+00.00m)
3132;R230a_07;-16.950831;-0.709666;1.650;50;PLANCHER 02 (+00.00m)
3133;R220b_03;4.710190;-16.397621;1.650;50;PLANCHER 02 (+00.00m)
3134;R220b_04;-2.823017;-16.738563;1.650;50;PLANCHER 02 (+00.00m)
3135;R220b_05;-0.646625;-16.855281;1.650;50;PLANCHER 02 (+00.00m)
3136;R220b_06;2.024678;-16.909429;1.650;50;PLANCHER 02 (+00.00m)
3137;R220a_01;6.804601;-15.050857;1.650;50;PLANCHER 02 (+00.00m)
3138;R220a_02;8.584220;-13.985282;1.650;50;PLANCHER 02 (+00.00m)
3139;R220a_03;10.572560;-12.568178;1.650;50;PLANCHER 02 (+00.00m)
3140;R220a_04;12.252022;-11.016754;1.650;50;PLANCHER 02 (+00.00m)
3141;R220a_05;14.129539;-8.439146;1.650;50;PLANCHER 02 (+00.00m)
3142;R220a_06;15.489557;-5.915254;1.650;50;PLANCHER 02 (+00.00m)
3143;R220a_07;17.387655;-4.416755;1.650;50;PLANCHER 02 (+00.00m)
3144;R230a_08;-16.347432;4.508164;1.650;50;PLANCHER 02 (+00.00m)
3145;R220a_08;15.823042;-2.247234;1.650;50;PLANCHER 02 (+00.00m)
3146;R220a_09;16.598460;0.068950;1.650;50;PLANCHER 02 (+00.00m)
3147;R220a_10;16.544712;2.898324;1.650;50;PLANCHER 02 (+00.00m)
3148;R210b_01;15.978764;5.308491;1.650;50;PLANCHER 02 (+00.00m)
3149;R210b_02;14.668492;7.372027;1.650;50;PLANCHER 02 (+00.00m)
3150;R210b_03;14.193076;8.680309;1.650;50;PLANCHER 02 (+00.00m)
3151;R210b_04;12.999151;10.503292;1.650;50;PLANCHER 02 (+00.00m)
3152;R210b_05;11.355899;12.313436;1.650;50;PLANCHER 02 (+00.00m)
3153;R220a_11;17.798991;0.084755;1.650;50;PLANCHER 02 (+00.00m)
3154;R247_01;-14.125511;4.683237;1.650;50;PLANCHER 02 (+00.00m)
3155;R247_02;-12.743539;3.789366;1.650;50;PLANCHER 02 (+00.00m)
3156;R247_03;-8.354348;3.061402;1.650;50;PLANCHER 02 (+00.00m)
3157;R247_04;-6.834188;3.232688;1.650;50;PLANCHER 02 (+00.00m)
3158;R247_05;-8.204473;5.309525;1.650;50;PLANCHER 02 (+00.00m)
3159;R247_06;-11.223380;7.878808;1.650;50;PLANCHER 02 (+00.00m)
3160;R247_07;-6.754311;0.744055;1.650;50;PLANCHER 02 (+00.00m)
3161;R247_08;-7.467790;-3.629642;1.650;50;PLANCHER 02 (+00.00m)
3162;R247_09;-9.457149;-3.202607;1.650;50;PLANCHER 02 (+00.00m)
3163;R247_10;-12.383901;-4.410804;1.650;50;PLANCHER 02 (+00.00m)
3164;R247_11;-10.144571;-5.504430;1.650;50;PLANCHER 02 (+00.00m)
3165;R247_12;-13.958800;-2.834166;1.650;50;PLANCHER 02 (+00.00m)
3166;R247_13;-13.009598;-6.937637;1.650;50;PLANCHER 02 (+00.00m)
3167;R230a_09;-16.441326;-6.601765;1.650;50;PLANCHER 02 (+00.00m)
3168;R247_14;-14.494501;1.514477;1.650;50;PLANCHER 02 (+00.00m)
3169;R247_15;-10.622477;1.010426;1.650;50;PLANCHER 02 (+00.00m)
3170;R247_16;-9.468128;-0.775426;1.650;50;PLANCHER 02 (+00.00m)
4117;R223_01;6.925619;0.508701;1.650;50;PLANCHER 02 (+00.00m)
4118;R221_01;9.586086;2.165839;1.650;50;PLANCHER 02 (+00.00m)
4119;R221_02;11.742595;3.521843;1.650;50;PLANCHER 02 (+00.00m)
4120;R221_03;14.032448;3.850593;1.650;50;PLANCHER 02 (+00.00m)
4121;R221_04;13.536694;5.833608;1.650;50;PLANCHER 02 (+00.00m)
4122;R221_05;12.706670;6.414233;1.650;50;PLANCHER 02 (+00.00m)
4123;R223_02;5.964903;2.716293;1.650;50;PLANCHER 02 (+00.00m)
4124;R213_06;4.112649;4.703607;1.650;50;PLANCHER 02 (+00.00m)
4125;R213_07;0.967196;6.573731;1.650;50;PLANCHER 02 (+00.00m)
4126;R247_17;-11.540804;9.556169;1.650;50;PLANCHER 02 (+00.00m)
4127;R211_04;-8.658091;8.575596;1.650;50;PLANCHER 02 (+00.00m)
4128;R211_05;-6.535134;5.970399;1.650;50;PLANCHER 02 (+00.00m)
4129;R211_06;-5.532876;8.815264;1.650;50;PLANCHER 02 (+00.00m)
4130;R211_07;-4.547178;7.118088;1.650;50;PLANCHER 02 (+00.00m)
4131;R213_08;-3.152685;5.651429;1.650;50;PLANCHER 02 (+00.00m)
4132;R213_09;-0.621447;6.686096;1.650;50;PLANCHER 02 (+00.00m)
4133;R213_10;-4.465513;3.671389;1.650;50;PLANCHER 02 (+00.00m)
4134;R233_01;-5.931737;-3.057090;1.650;50;PLANCHER 02 (+00.00m)
4135;R233_02;-4.517888;-5.041737;1.650;50;PLANCHER 02 (+00.00m)
4136;R233_03;-4.107712;-5.688075;1.650;50;PLANCHER 02 (+00.00m)
4137;R233_04;-3.207089;-5.998996;1.650;50;PLANCHER 02 (+00.00m)
4138;R231_01;-4.022355;-7.263684;1.650;50;PLANCHER 02 (+00.00m)
4139;R233_05;-1.553722;-6.092910;1.650;50;PLANCHER 02 (+00.00m)
4140;R223_03;1.562780;-6.240611;1.650;50;PLANCHER 02 (+00.00m)
4141;R223_04;4.905931;-4.304544;1.650;50;PLANCHER 02 (+00.00m)
4142;R223_05;6.459724;-1.967100;1.650;50;PLANCHER 02 (+00.00m)
4143;R223_06;4.007734;-5.769050;1.650;50;PLANCHER 02 (+00.00m)
4144;R222_01;12.392052;-4.699871;1.650;50;PLANCHER 02 (+00.00m)
4145;R222_02;10.321927;-3.731441;1.650;50;PLANCHER 02 (+00.00m)
4146;R223_07;9.304921;-6.266991;1.650;50;PLANCHER 02 (+00.00m)
4147;R223_08;12.453461;-7.465108;1.650;50;PLANCHER 02 (+00.00m)
4148;R233_06;-5.670598;-0.348550;1.650;50;PLANCHER 02 (+00.00m)
4180;R233_07;-3.625835;-5.586493;1.650;50;PLANCHER 02 (+00.00m)
4181;R231_02;-3.115073;-9.065554;1.650;50;PLANCHER 02 (+00.00m)
4182;R231_03;-3.074335;-11.225922;1.650;50;PLANCHER 02 (+00.00m)
4183;R231_04;-3.029449;-13.395381;1.650;50;PLANCHER 02 (+00.00m)
4184;R231_05;-5.957737;-7.855299;1.650;50;PLANCHER 02 (+00.00m)
4185;R231_06;-7.917301;-9.217892;1.650;50;PLANCHER 02 (+00.00m)
4186;R231_07;-8.756252;-10.990513;1.650;50;PLANCHER 02 (+00.00m)
4187;R222_03;8.520190;-2.866002;1.650;50;PLANCHER 02 (+00.00m)
4188;R241_01;12.021287;7.604329;1.200;50;PLANCHER 02 (+00.00m)
4189;R221_06;14.112914;-2.043634;1.650;50;PLANCHER 02 (+00.00m)
4190;R221_07;12.832611;-2.349472;1.650;50;PLANCHER 02 (+00.00m)
1056;R312_01;0.340329;13.706596;5.650;50;PLANCHER 03 (+04.00m)
1057;R312_02;-0.043684;11.402518;5.650;50;PLANCHER 03 (+04.00m)
1058;R312_03;-0.565922;8.582249;5.650;50;PLANCHER 03 (+04.00m)
1059;R312_04;1.231750;11.092207;5.650;50;PLANCHER 03 (+04.00m)
1060;R313_01;-0.226739;6.021414;5.650;50;PLANCHER 03 (+04.00m)
1061;R312_05;-3.005719;10.185086;5.650;50;PLANCHER 03 (+04.00m)
1062;R312_06;-2.673290;11.983323;5.650;50;PLANCHER 03 (+04.00m)
1063;R311_01;-5.471785;12.549203;5.650;50;PLANCHER 03 (+04.00m)
1064;R311_02;-8.500681;10.866012;5.650;50;PLANCHER 03 (+04.00m)
1065;R311_03;-7.773568;8.579832;5.650;50;PLANCHER 03 (+04.00m)
1066;R313_02;-4.647046;5.552476;5.650;50;PLANCHER 03 (+04.00m)
1067;R313_03;-2.693060;4.878688;5.650;50;PLANCHER 03 (+04.00m)
1068;R311_04;-5.578347;7.898788;5.650;50;PLANCHER 03 (+04.00m)
1069;R313_04;2.544316;4.709585;5.650;50;PLANCHER 03 (+04.00m)
1070;R313_05;-4.948965;2.779568;5.650;50;PLANCHER 03 (+04.00m)
2024;R330a_01;-16.135648;-7.891991;5.650;50;PLANCHER 03 (+04.00m)
2025;R330a_02;-16.708398;-2.960754;5.650;50;PLANCHER 03 (+04.00m)
2026;R330a_03;-13.678114;-9.536623;5.650;50;PLANCHER 03 (+04.00m)
2027;R330a_04;-12.873797;-11.172479;5.650;50;PLANCHER 03 (+04.00m)
2028;R330a_05;-10.971446;-12.834938;5.650;50;PLANCHER 03 (+04.00m)
2029;R330a_06;-9.465982;-13.971416;5.650;50;PLANCHER 03 (+04.00m)
2030;R330a_07;-7.266823;-15.270248;5.650;50;PLANCHER 03 (+04.00m)
2031;R330a_08;-5.864674;-15.993462;5.650;50;PLANCHER 03 (+04.00m)
2032;R320b_01;-3.819158;-16.567554;5.650;50;PLANCHER 03 (+04.00m)
2033;R330a_09;-15.461381;-4.404808;5.650;50;PLANCHER 03 (+04.00m)
2034;R347_01;-13.520721;-3.453809;5.650;50;PLANCHER 03 (+04.00m)
2035;R320b_02;-0.916275;-16.961775;5.650;50;PLANCHER 03 (+04.00m)
2036;R320b_03;3.051017;-16.530433;5.650;50;PLANCHER 03 (+04.00m)
2045;R345_01;3.624428;-8.549177;5.650;50;PLANCHER 03 (+04.00m)
2046;R345_02;3.733460;-11.155053;5.650;50;PLANCHER 03 (+04.00m)
2101;R341_01;12.007669;6.970036;5.650;50;PLANCHER 03 (+04.00m)
2102;R341_02;13.271584;6.103857;5.650;50;PLANCHER 03 (+04.00m)
2103;R341_03;9.599535;5.281623;5.650;50;PLANCHER 03 (+04.00m)
2104;R341_04;10.306201;8.305495;5.650;50;PLANCHER 03 (+04.00m)
2105;R341_05;8.629924;9.948904;5.650;50;PLANCHER 03 (+04.00m)
2106;R341_06;6.723569;8.075418;5.650;50;PLANCHER 03 (+04.00m)
2107;R341_07;5.984035;4.788600;5.650;50;PLANCHER 03 (+04.00m)
2108;R348_01;3.666829;7.056504;5.250;50;PLANCHER 03 (+04.00m)
2109;R348_02;4.702176;8.519138;5.250;50;PLANCHER 03 (+04.00m)
2111;R346_01;-0.960910;-8.447041;5.650;50;PLANCHER 03 (+04.00m)
2112;R346_02;0.858355;-8.497576;5.650;50;PLANCHER 03 (+04.00m)
2113;R346_03;0.681482;-11.933965;5.650;50;PLANCHER 03 (+04.00m)
2114;R346_04;2.349141;-13.475286;5.650;50;PLANCHER 03 (+04.00m)
3014;R310a_01;10.844891;13.043995;5.650;50;PLANCHER 03 (+04.00m)
3015;R310b_01;12.281352;11.427976;5.650;50;PLANCHER 03 (+04.00m)
3016;R310b_02;13.645991;9.578532;5.650;50;PLANCHER 03 (+04.00m)
3017;R310b_03;14.992673;7.316105;5.650;50;PLANCHER 03 (+04.00m)
3018;R310b_04;16.177754;4.963899;5.650;50;PLANCHER 03 (+04.00m)
3019;R320a_01;17.523256;4.002184;5.650;50;PLANCHER 03 (+04.00m)
3020;R320a_02;16.567167;3.125769;5.650;50;PLANCHER 03 (+04.00m)
3021;R320a_03;16.551232;1.357004;5.650;50;PLANCHER 03 (+04.00m)
3022;R320a_04;16.567167;-0.587044;5.650;50;PLANCHER 03 (+04.00m)
3023;R320a_05;16.594835;-2.098839;5.650;50;PLANCHER 03 (+04.00m)
3024;R320a_06;17.615672;-3.003009;5.650;50;PLANCHER 03 (+04.00m)
3025;R320a_07;16.229221;-5.197771;5.650;50;PLANCHER 03 (+04.00m)
3026;R320a_08;15.503365;-7.312222;5.650;50;PLANCHER 03 (+04.00m)
3027;R320a_09;13.492119;-8.912936;5.650;50;PLANCHER 03 (+04.00m)
3028;R320a_10;12.710737;-11.386797;5.650;50;PLANCHER 03 (+04.00m)
3029;R320a_11;11.357456;-12.840322;5.650;50;PLANCHER 03 (+04.00m)
3030;R320a_12;9.085436;-14.386651;5.650;50;PLANCHER 03 (+04.00m)
3031;R320a_13;6.326495;-15.828825;5.650;50;PLANCHER 03 (+04.00m)
3110;R310a_02;-6.881973;15.406087;5.650;50;PLANCHER 03 (+04.00m)
3111;R310a_03;-4.696515;16.155052;5.650;50;PLANCHER 03 (+04.00m)
3112;R310a_04;-2.791516;16.690844;5.650;50;PLANCHER 03 (+04.00m)
3113;R310a_05;-0.474601;16.915255;5.650;50;PLANCHER 03 (+04.00m)
3114;R310a_06;1.571742;16.832814;5.650;50;PLANCHER 03 (+04.00m)
3115;R310a_07;3.594544;16.531773;5.650;50;PLANCHER 03 (+04.00m)
3116;R310a_08;5.607915;15.906060;5.650;50;PLANCHER 03 (+04.00m)
3117;R310a_09;7.313633;15.141427;5.650;50;PLANCHER 03 (+04.00m)
3118;R310a_10;9.097774;14.141524;5.650;50;PLANCHER 03 (+04.00m)
3207;R313_06;4.787978;-3.699862;5.650;50;PLANCHER 03 (+04.00m)
3208;R313_07;2.574475;-5.556348;5.650;50;PLANCHER 03 (+04.00m)
3209;R313_08;1.135463;-5.586043;5.650;50;PLANCHER 03 (+04.00m)
3210;R333_01;-1.152778;-5.653842;5.650;50;PLANCHER 03 (+04.00m)
3211;R333_02;-2.779972;-6.992887;5.650;50;PLANCHER 03 (+04.00m)
3212;R333_03;-3.826007;-5.075065;5.650;50;PLANCHER 03 (+04.00m)
3213;R333_04;-5.249605;-3.552606;5.650;50;PLANCHER 03 (+04.00m)
3214;R333_05;-5.071655;-1.081082;5.650;50;PLANCHER 03 (+04.00m)
3215;R333_06;-5.071655;0.480922;5.650;50;PLANCHER 03 (+04.00m)
3216;R331_01;-3.511207;-8.710340;5.650;50;PLANCHER 03 (+04.00m)
3217;R331_02;-3.139500;-10.223718;5.650;50;PLANCHER 03 (+04.00m)
3218;R331_03;-3.325354;-13.170824;5.650;50;PLANCHER 03 (+04.00m)
3219;R331_04;-5.024586;-11.577794;5.650;50;PLANCHER 03 (+04.00m)
3220;R331_05;-6.932490;-10.213535;5.650;50;PLANCHER 03 (+04.00m)
3221;R331_06;-7.982489;-11.293658;5.650;50;PLANCHER 03 (+04.00m)
3222;R332_01;-10.348738;-9.386632;5.650;50;PLANCHER 03 (+04.00m)
3223;R332_02;-10.516741;-7.595827;5.650;50;PLANCHER 03 (+04.00m)
3224;R332_03;-11.986024;-6.998207;5.650;50;PLANCHER 03 (+04.00m)
3225;R332_04;-9.058006;-5.507870;5.650;50;PLANCHER 03 (+04.00m)
3226;R332_05;-7.709626;-7.798492;5.650;50;PLANCHER 03 (+04.00m)
3227;R332_06;-6.851956;-4.749425;5.650;50;PLANCHER 03 (+04.00m)
3228;R322_01;13.299462;-4.191243;5.650;50;PLANCHER 03 (+04.00m)
3229;R322_02;12.291575;-5.773094;5.650;50;PLANCHER 03 (+04.00m)
3230;R322_03;12.072791;-7.012865;5.650;50;PLANCHER 03 (+04.00m)
3231;R322_04;11.733584;-7.308953;5.650;50;PLANCHER 03 (+04.00m)
3232;R322_05;9.208034;-5.133989;5.650;50;PLANCHER 03 (+04.00m)
3233;R322_06;6.959938;-3.260576;5.650;50;PLANCHER 03 (+04.00m)
4015;R330b_01;-15.840987;7.403170;3.650;50;PLANCHER 03 (+04.00m)
4016;R330b_02;-13.338081;10.919321;5.650;50;PLANCHER 03 (+04.00m)
4017;R310a_11;-11.625088;12.966372;5.650;50;PLANCHER 03 (+04.00m)
4018;R310a_12;-8.910404;14.265542;5.650;50;PLANCHER 03 (+04.00m)
4019;R330b_03;-14.107084;7.187974;5.650;50;PLANCHER 03 (+04.00m)
4114;R347_02;-6.453927;0.673409;5.650;50;PLANCHER 03 (+04.00m)
4115;R347_03;-8.248742;-0.878589;5.650;50;PLANCHER 03 (+04.00m)
4116;R347_04;-10.502564;-2.453947;5.650;50;PLANCHER 03 (+04.00m)
4217;R313_09;4.173419;3.269210;5.650;50;PLANCHER 03 (+04.00m)
4218;R313_10;6.214902;-0.048199;5.650;50;PLANCHER 03 (+04.00m)
4219;R321_01;8.511570;1.823160;5.650;50;PLANCHER 03 (+04.00m)
4220;R321_02;10.565049;-0.426019;5.650;50;PLANCHER 03 (+04.00m)
4221;R321_03;12.895536;-0.880748;5.650;50;PLANCHER 03 (+04.00m)
4222;R321_04;13.463948;1.421319;5.650;50;PLANCHER 03 (+04.00m)
4223;R321_05;10.735572;2.273937;5.650;50;PLANCHER 03 (+04.00m)
4227;R322_07;9.482646;-2.675354;5.650;50;PLANCHER 03 (+04.00m)
4228;R322_08;11.376962;-3.778993;5.650;50;PLANCHER 03 (+04.00m)
4097;R312_07;-3.223208;13.365142;5.650;50;PLANCHER 03 (+04.00m)
2001;R441_01;6.818340;8.172501;9.650;50;PLANCHER 04 (+08.00m)
2002;R448_01;4.705017;8.283991;9.650;50;PLANCHER 04 (+08.00m)
2003;R448_02;3.195646;10.476551;9.650;50;PLANCHER 04 (+08.00m)
2004;R448_03;2.996753;13.278256;9.650;50;PLANCHER 04 (+08.00m)
2005;R448_04;7.556421;11.912002;9.650;50;PLANCHER 04 (+08.00m)
2006;R448_05;6.303321;10.408456;9.650;50;PLANCHER 04 (+08.00m)
2007;R448_06;3.444410;7.409230;9.650;50;PLANCHER 04 (+08.00m)
2008;R447_01;-10.499659;9.434277;9.650;50;PLANCHER 04 (+08.00m)
2014;R430a_01;-15.850894;-3.085597;9.650;50;PLANCHER 04 (+08.00m)
2015;R430a_02;-14.129245;-9.359612;9.650;50;PLANCHER 04 (+08.00m)
2016;R430a_03;-12.660914;-11.141918;9.650;50;PLANCHER 04 (+08.00m)
2017;R430a_04;-11.041603;-12.687450;9.650;50;PLANCHER 04 (+08.00m)
2018;R430a_05;-9.109030;-14.466600;9.650;50;PLANCHER 04 (+08.00m)
2019;R430a_06;-6.823180;-15.187555;9.650;50;PLANCHER 04 (+08.00m)
2020;R430a_07;-5.726306;-16.817144;9.650;50;PLANCHER 04 (+08.00m)
2021;R430a_08;-15.983870;-7.678831;9.650;50;PLANCHER 04 (+08.00m)
2022;R430a_09;-16.573949;-3.769082;7.650;50;PLANCHER 04 (+08.00m)
2023;R430a_10;-17.629144;-4.136777;7.650;50;PLANCHER 04 (+08.00m)
2047;R432_01;-9.881532;-8.985850;9.650;50;PLANCHER 04 (+08.00m)
2048;R432_02;-11.946712;-6.208539;9.650;50;PLANCHER 04 (+08.00m)
2049;R432_03;-9.430516;-6.398441;9.650;50;PLANCHER 04 (+08.00m)
2050;R432_04;-8.682778;-3.858506;9.650;50;PLANCHER 04 (+08.00m)
2051;R432_05;-7.379422;-2.898780;9.650;50;PLANCHER 04 (+08.00m)
2052;R433_01;-5.410444;-2.583000;9.000;50;PLANCHER 04 (+08.00m)
2053;R432_06;-5.484745;-6.316629;9.650;50;PLANCHER 04 (+08.00m)
2054;R433_02;-4.908912;-4.477677;9.000;50;PLANCHER 04 (+08.00m)
2055;R433_03;-2.995660;-4.682005;9.000;50;PLANCHER 04 (+08.00m)
2086;R433_04;-3.088536;-6.743860;9.000;50;PLANCHER 04 (+08.00m)
2087;R431_01;-7.856986;-10.672587;9.000;50;PLANCHER 04 (+08.00m)
2088;R431_02;-6.398136;-12.141499;9.000;50;PLANCHER 04 (+08.00m)
2089;R431_03;-4.456576;-12.325734;9.000;50;PLANCHER 04 (+08.00m)
2090;R431_04;-4.397372;-8.793550;9.000;50;PLANCHER 04 (+08.00m)
2091;R422_01;12.712917;-4.017470;9.650;50;PLANCHER 04 (+08.00m)
2092;R422_02;11.151756;-7.064292;9.650;50;PLANCHER 04 (+08.00m)
2093;R422_03;9.990537;-4.975070;9.000;50;PLANCHER 04 (+08.00m)
2094;R422_04;6.769183;-5.121495;9.650;50;PLANCHER 04 (+08.00m)
2095;R423_01;4.247415;-4.454447;9.000;50;PLANCHER 04 (+08.00m)
2096;R423_02;1.725648;-4.828645;9.000;50;PLANCHER 04 (+08.00m)
2097;R422_05;8.366041;-2.246082;9.650;50;PLANCHER 04 (+08.00m)
2098;R423_03;5.788380;-1.300940;9.000;50;PLANCHER 04 (+08.00m)
2099;R423_04;5.387411;1.147838;9.000;50;PLANCHER 04 (+08.00m)
2100;R423_05;7.744506;0.995976;9.000;50;PLANCHER 04 (+08.00m)
2110;R430a_11;-4.382138;-15.164475;9.650;50;PLANCHER 04 (+08.00m)
3001;R420a_01;14.636223;-7.052459;9.650;50;PLANCHER 04 (+08.00m)
3002;R420a_02;15.312670;-5.577842;9.650;50;PLANCHER 04 (+08.00m)
3003;R420a_03;17.426803;-4.463117;9.650;50;PLANCHER 04 (+08.00m)
3004;R420a_04;13.916800;-8.612359;9.650;50;PLANCHER 04 (+08.00m)
3005;R420a_05;16.670840;-7.102581;9.650;50;PLANCHER 04 (+08.00m)
3006;R420a_06;16.380771;-2.661166;9.650;50;PLANCHER 04 (+08.00m)
3007;R420a_07;16.648601;-0.141406;9.650;50;PLANCHER 04 (+08.00m)
3008;R420a_08;16.358580;1.943982;9.650;50;PLANCHER 04 (+08.00m)
3009;R420a_09;17.408179;3.905075;9.650;50;PLANCHER 04 (+08.00m)
3010;R410b_01;15.656515;5.269164;9.650;50;PLANCHER 04 (+08.00m)
3011;R410b_02;14.254861;7.701446;9.650;50;PLANCHER 04 (+08.00m)
3012;R410b_03;13.680092;9.882923;9.650;50;PLANCHER 04 (+08.00m)
3013;R410b_04;11.495501;11.676344;9.650;50;PLANCHER 04 (+08.00m)
3041;R441_02;9.787108;4.494950;9.650;50;PLANCHER 04 (+08.00m)
3042;R441_03;8.200890;4.486204;9.650;50;PLANCHER 04 (+08.00m)
3043;R441_04;5.681650;5.087814;9.650;50;PLANCHER 04 (+08.00m)
3044;R441_05;7.549147;7.406517;9.650;50;PLANCHER 04 (+08.00m)
3045;R441_06;10.006743;6.584181;9.650;50;PLANCHER 04 (+08.00m)
3046;R441_07;12.609433;6.618427;9.650;50;PLANCHER 04 (+08.00m)
3047;R441_08;11.376580;8.450583;9.650;50;PLANCHER 04 (+08.00m)
3048;R441_09;13.859408;5.608173;9.650;50;PLANCHER 04 (+08.00m)
4001;R430b_01;-13.480089;10.423399;9.650;50;PLANCHER 04 (+08.00m)
4002;R430b_02;-14.976080;6.111425;9.650;50;PLANCHER 04 (+08.00m)
4003;R430b_03;-15.859055;7.400598;7.650;50;PLANCHER 04 (+08.00m)
4004;R410a_01;-11.640749;12.305747;9.650;50;PLANCHER 04 (+08.00m)
4005;R410a_02;-10.535712;14.581201;9.650;50;PLANCHER 04 (+08.00m)
4006;R410a_03;-7.917618;14.422011;9.650;50;PLANCHER 04 (+08.00m)
4007;R410a_04;-5.253609;15.366695;9.650;50;PLANCHER 04 (+08.00m)
4008;R410a_05;-3.477603;17.596150;9.650;50;PLANCHER 04 (+08.00m)
4009;R410a_06;-1.159570;16.416217;9.200;50;PLANCHER 04 (+08.00m)
4010;R410a_07;1.507450;16.966457;9.200;50;PLANCHER 04 (+08.00m)
4011;R410a_08;3.546854;16.368901;9.200;50;PLANCHER 04 (+08.00m)
4012;R410a_09;6.689565;15.561311;9.200;50;PLANCHER 04 (+08.00m)
4013;R410a_10;9.014169;13.121627;9.650;50;PLANCHER 04 (+08.00m)
4014;R410a_11;11.057009;13.967946;9.650;50;PLANCHER 04 (+08.00m)
4034;R413_01;-6.058995;6.354233;9.650;50;PLANCHER 04 (+08.00m)
4035;R413_02;-4.886624;6.473777;8.200;50;PLANCHER 04 (+08.00m)
4036;R411_01;-5.155133;7.560137;9.000;50;PLANCHER 04 (+08.00m)
4037;R411_02;-5.419981;8.481740;9.200;50;PLANCHER 04 (+08.00m)
4038;R411_03;-7.344890;7.283212;9.200;50;PLANCHER 04 (+08.00m)
4039;R413_03;-5.403890;4.082059;9.650;50;PLANCHER 04 (+08.00m)
4091;SAP_01;16.678405;8.648747;9.650;50;PLANCHER 04 (+08.00m)
4092;SAP_02;19.106173;9.942375;9.650;50;PLANCHER 04 (+08.00m)
4093;R420a_10;17.822212;0.440209;8.150;50;PLANCHER 04 (+08.00m)
4094;R411_04;-5.500321;12.377454;9.200;50;PLANCHER 04 (+08.00m)
4095;R411_05;-8.716980;10.723172;9.200;50;PLANCHER 04 (+08.00m)
4096;R411_06;-8.686996;9.622085;9.200;50;PLANCHER 04 (+08.00m)
4098;R412_01;-1.174531;13.274869;9.650;50;PLANCHER 04 (+08.00m)
4099;R412_02;-2.845418;12.199246;9.650;50;PLANCHER 04 (+08.00m)
4100;R412_03;0.882848;12.268077;9.650;50;PLANCHER 04 (+08.00m)
4101;R412_04;-0.967767;11.019734;8.400;50;PLANCHER 04 (+08.00m)
4102;R412_05;1.233260;8.643501;9.650;50;PLANCHER 04 (+08.00m)
4103;R413_04;1.067733;6.449608;9.650;50;PLANCHER 04 (+08.00m)
4104;R412_06;-1.592344;8.459067;9.000;50;PLANCHER 04 (+08.00m)
4105;R412_07;-2.707438;8.788703;9.650;50;PLANCHER 04 (+08.00m)
4106;R413_05;-3.271932;4.736633;9.650;50;PLANCHER 04 (+08.00m)
4107;R413_06;-1.805700;6.338457;9.000;50;PLANCHER 04 (+08.00m)
4224;R421_01;13.062129;-0.732470;9.650;50;PLANCHER 04 (+08.00m)
4225;R421_02;13.975903;1.276548;9.650;50;PLANCHER 04 (+08.00m)
4226;R421_03;13.397450;2.545932;9.650;50;PLANCHER 04 (+08.00m)
4235;R433_05;-0.615390;-5.386950;9.000;50;PLANCHER 04 (+08.00m)
4234;R422_06;7.053093;-3.260538;9.650;50;PLANCHER 04 (+08.00m)
2009;R511_01;-8.427101;10.403820;12.050;50;PLANCHER 05 (+11.00m)
2010;R511_02;-5.326463;12.136077;12.050;50;PLANCHER 05 (+11.00m)
2011;R511_03;-4.794772;8.802783;12.050;50;PLANCHER 05 (+11.00m)
2012;R511_04;-7.023785;8.168843;12.050;50;PLANCHER 05 (+11.00m)
2013;R511_05;-4.470504;5.564103;12.550;50;PLANCHER 05 (+11.00m)
2037;R531_01;-5.256519;-12.671294;12.050;50;PLANCHER 05 (+11.00m)
2038;R531_02;-7.905614;-10.797544;12.050;50;PLANCHER 05 (+11.00m)
2039;R531_03;-5.138063;-8.773033;12.050;50;PLANCHER 05 (+11.00m)
2040;R531_04;-3.559464;-10.828673;12.050;50;PLANCHER 05 (+11.00m)
2041;R531_05;-3.633862;-7.146316;12.650;50;PLANCHER 05 (+11.00m)
2042;R531_06;-4.709692;-7.873168;12.650;50;PLANCHER 05 (+11.00m)
2043;R531_07;-8.768468;-10.748134;12.650;50;PLANCHER 05 (+11.00m)
2044;R531_08;-5.555270;-12.862080;12.650;50;PLANCHER 05 (+11.00m)
3032;R521_01;13.302613;2.305727;12.050;50;PLANCHER 05 (+11.00m)
3033;R521_02;13.828685;0.411868;12.050;50;PLANCHER 05 (+11.00m)
3034;R521_03;13.407827;-1.429383;12.050;50;PLANCHER 05 (+11.00m)
3035;R521_04;10.382915;-0.140507;12.050;50;PLANCHER 05 (+11.00m)
3036;R521_05;11.101716;2.338627;12.050;50;PLANCHER 05 (+11.00m)
3037;R521_06;9.795702;2.716120;11.550;50;PLANCHER 05 (+11.00m)
3038;R521_07;9.032127;2.316152;11.550;50;PLANCHER 05 (+11.00m)
3039;R521_08;7.468616;2.425234;11.550;50;PLANCHER 05 (+11.00m)
3040;R521_09;7.380678;2.541914;12.650;50;PLANCHER 05 (+11.00m)
3049;R510a_01;1.990886;17.926916;12.650;50;PLANCHER 05 (+11.00m)
3050;R510a_02;-0.142791;16.981156;12.650;50;PLANCHER 05 (+11.00m)
3051;R510a_03;-2.137895;17.724430;11.800;50;PLANCHER 05 (+11.00m)
3052;R510a_04;-3.454924;17.685310;12.650;50;PLANCHER 05 (+11.00m)
3053;R510a_05;-4.401477;16.496619;12.650;50;PLANCHER 05 (+11.00m)
3054;R510a_06;-6.117940;16.798814;11.800;50;PLANCHER 05 (+11.00m)
3055;R510a_07;-7.894865;16.160570;12.650;50;PLANCHER 05 (+11.00m)
3056;R510a_08;-8.027830;14.939706;12.650;50;PLANCHER 05 (+11.00m)
3057;R510a_09;-9.925610;14.903443;11.800;50;PLANCHER 05 (+11.00m)
3058;R510a_10;-10.856368;14.286966;12.650;50;PLANCHER 05 (+11.00m)
3059;R510a_11;-12.198110;13.199067;12.650;50;PLANCHER 05 (+11.00m)
3060;R530b_01;-11.983019;11.447407;12.650;50;PLANCHER 05 (+11.00m)
3061;R530b_02;-12.790417;9.898384;12.650;50;PLANCHER 05 (+11.00m)
3062;R530b_03;-14.414433;10.883829;12.650;50;PLANCHER 05 (+11.00m)
3064;R530a_01;-16.287988;-7.679621;12.650;50;PLANCHER 05 (+11.00m)
3065;R530a_02;-14.486923;-7.064257;12.650;50;PLANCHER 05 (+11.00m)
3066;R530a_03;-14.004147;-8.727408;12.650;50;PLANCHER 05 (+11.00m)
3067;R530a_04;-12.469978;-10.793027;12.650;50;PLANCHER 05 (+11.00m)
3068;R530a_05;-10.394091;-12.640567;12.650;50;PLANCHER 05 (+11.00m)
3069;R530a_06;-7.422282;-14.556533;12.650;50;PLANCHER 05 (+11.00m)
3070;R530a_07;-5.028523;-17.053647;12.650;50;PLANCHER 05 (+11.00m)
3071;R530a_08;-16.529503;-3.729369;11.650;50;PLANCHER 05 (+11.00m)
3072;R530a_09;-17.616187;-4.129909;11.650;50;PLANCHER 05 (+11.00m)
3073;R530b_04;-15.402529;7.113549;11.650;50;PLANCHER 05 (+11.00m)
3074;R530b_05;-16.299001;7.611589;11.650;50;PLANCHER 05 (+11.00m)
3104;R510a_12;3.103645;16.679824;12.650;50;PLANCHER 05 (+11.00m)
3105;R510a_13;5.235176;16.769889;12.650;50;PLANCHER 05 (+11.00m)
3106;R510a_14;5.631810;14.976516;12.650;50;PLANCHER 05 (+11.00m)
3107;R510a_15;6.852344;15.850910;12.650;50;PLANCHER 05 (+11.00m)
3108;R510a_16;7.564431;14.170413;12.650;50;PLANCHER 05 (+11.00m)
3109;R510a_17;9.289858;14.774862;12.650;50;PLANCHER 05 (+11.00m)
4040;R541_01;3.307531;6.074418;12.650;50;PLANCHER 05 (+11.00m)
4041;R548_01;3.119064;9.118717;12.650;50;PLANCHER 05 (+11.00m)
4042;R548_02;3.037406;11.143827;12.650;50;PLANCHER 05 (+11.00m)
4043;R548_03;4.637896;8.759423;12.650;50;PLANCHER 05 (+11.00m)
4044;R548_04;6.303713;10.474234;12.650;50;PLANCHER 05 (+11.00m)
4045;R548_05;5.127843;12.613666;12.650;50;PLANCHER 05 (+11.00m)
4046;R548_06;3.249716;13.250595;12.650;50;PLANCHER 05 (+11.00m)
4047;R548_07;7.871591;11.870642;12.650;50;PLANCHER 05 (+11.00m)
4048;R541_02;4.197991;4.804307;12.650;50;PLANCHER 05 (+11.00m)
4049;R541_03;5.756601;6.070677;12.650;50;PLANCHER 05 (+11.00m)
4050;R541_04;8.133481;6.168090;12.650;50;PLANCHER 05 (+11.00m)
4051;R541_05;10.802600;6.246021;12.650;50;PLANCHER 05 (+11.00m)
4052;R541_06;13.783441;5.739473;12.650;50;PLANCHER 05 (+11.00m)
4053;R541_07;6.509427;4.500089;12.650;50;PLANCHER 05 (+11.00m)
4054;R541_08;7.956115;4.533362;12.650;50;PLANCHER 05 (+11.00m)
4055;R510b_01;16.134255;6.237017;12.650;50;PLANCHER 05 (+11.00m)
4056;R510b_02;14.417654;7.331661;12.650;50;PLANCHER 05 (+11.00m)
4057;R510b_03;12.626418;10.242419;12.650;50;PLANCHER 05 (+11.00m)
4058;R510a_18;10.338139;12.329435;12.650;50;PLANCHER 05 (+11.00m)
4059;R510a_19;11.022168;13.360321;12.650;50;PLANCHER 05 (+11.00m)
4060;R510a_20;11.313841;13.148196;12.650;50;PLANCHER 05 (+11.00m)
4061;R510b_04;12.480057;11.832190;12.650;50;PLANCHER 05 (+11.00m)
4062;R510b_05;14.047843;9.897277;12.650;50;PLANCHER 05 (+11.00m)
4063;R510b_06;15.375002;8.017137;12.650;50;PLANCHER 05 (+11.00m)
4064;R510b_07;17.298968;5.100482;12.650;50;PLANCHER 05 (+11.00m)
4065;R520a_01;16.133911;3.735621;12.650;50;PLANCHER 05 (+11.00m)
4077;R520a_02;17.578401;3.356799;12.650;50;PLANCHER 05 (+11.00m)
4078;R520a_03;16.398117;1.960407;12.650;50;PLANCHER 05 (+11.00m)
4079;R520a_04;17.543232;-3.132071;12.650;50;PLANCHER 05 (+11.00m)
4080;R520a_05;16.537173;-0.799614;12.650;50;PLANCHER 05 (+11.00m)
4081;R520a_06;17.903093;0.352044;12.650;50;PLANCHER 05 (+11.00m)
4082;R520a_07;15.739326;-4.331642;12.650;50;PLANCHER 05 (+11.00m)
4083;R520a_08;14.588843;-7.234972;12.650;50;PLANCHER 05 (+11.00m)
4084;R520a_09;12.682445;-10.063140;12.650;50;PLANCHER 05 (+11.00m)
4085;R520a_10;9.809273;-13.003156;12.650;50;PLANCHER 05 (+11.00m)
4086;R520a_11;5.913698;-15.061196;12.650;50;PLANCHER 05 (+11.00m)
4087;R520a_12;5.766695;-16.923232;12.650;50;PLANCHER 05 (+11.00m)
4088;R520b_01;3.278156;-17.653365;12.650;50;PLANCHER 05 (+11.00m)
4089;R520b_02;0.052062;-17.972088;12.650;50;PLANCHER 05 (+11.00m)
4090;R520b_03;-2.669916;-17.605080;12.650;50;PLANCHER 05 (+11.00m)
4108;R512_01;0.418564;6.371984;12.650;50;PLANCHER 05 (+11.00m)
4109;R512_02;1.158511;8.304532;12.650;50;PLANCHER 05 (+11.00m)
4110;R512_03;-2.561937;8.544810;12.650;50;PLANCHER 05 (+11.00m)
4111;R512_04;0.481922;13.695814;12.650;50;PLANCHER 05 (+11.00m)
4112;R512_05;0.735231;12.533548;12.650;50;PLANCHER 05 (+11.00m)
4113;R512_06;-2.937658;12.290310;12.650;50;PLANCHER 05 (+11.00m)
4229;R522_01;11.705925;-7.289977;12.650;50;PLANCHER 05 (+11.00m)
4230;R522_02;10.691641;-6.954654;12.650;50;PLANCHER 05 (+11.00m)
4231;R522_03;12.154057;-3.645937;12.650;50;PLANCHER 05 (+11.00m)
4232;R522_04;8.280387;-2.296235;12.650;50;PLANCHER 05 (+11.00m)
4233;R522_05;7.359916;-5.145313;12.650;50;PLANCHER 05 (+11.00m)
2287;R532_01;-10.231265;-8.726756;12.650;50;PLANCHER 05 (+11.00m)
4020;R511_06;-6.761031;7.173323;15.250;50;PLANCHER 05 (+11.00m)
4021;R511_07;-4.542550;7.182162;15.250;50;PLANCHER 05 (+11.00m)
4022;R511_08;-4.719321;8.446077;15.250;50;PLANCHER 05 (+11.00m)
4023;R511_09;-5.134734;12.971424;15.250;50;PLANCHER 05 (+11.00m)
4024;R511_10;-9.076736;10.735266;15.250;50;PLANCHER 05 (+11.00m)
1081;R622_03;7.860927;-5.768038;17.650;50;PLANCHER 06 (+16.00m)
1082;R622_04;11.039846;-6.782776;17.650;50;PLANCHER 06 (+16.00m)
1083;R622_05;12.346296;-3.635969;17.650;50;PLANCHER 06 (+16.00m)
1084;R622_06;8.540498;-2.571223;17.650;50;PLANCHER 06 (+16.00m)
1085;R622_07;10.458710;-2.160205;17.650;50;PLANCHER 06 (+16.00m)
2056;R630a_01;-14.527818;-7.233543;17.650;50;PLANCHER 06 (+16.00m)
2057;R630a_02;-12.798982;-9.754672;17.650;50;PLANCHER 06 (+16.00m)
2058;R630a_03;-10.642329;-12.141368;17.650;50;PLANCHER 06 (+16.00m)
2059;R630a_04;-8.571941;-13.866691;17.650;50;PLANCHER 06 (+16.00m)
2060;R630a_05;-6.098978;-15.333216;17.650;50;PLANCHER 06 (+16.00m)
2061;R630a_06;-4.693813;-17.248738;17.650;50;PLANCHER 06 (+16.00m)
2062;R620b_01;-2.389851;-17.760730;17.650;50;PLANCHER 06 (+16.00m)
2063;R620b_02;1.285964;-17.910168;17.650;50;PLANCHER 06 (+16.00m)
2064;R620a_01;5.574494;-17.184745;17.650;50;PLANCHER 06 (+16.00m)
2065;R620a_02;8.278891;-14.254433;17.650;50;PLANCHER 06 (+16.00m)
2066;R620a_03;10.268122;-12.855229;17.650;50;PLANCHER 06 (+16.00m)
2067;R620a_04;12.404169;-10.651534;17.650;50;PLANCHER 06 (+16.00m)
2068;R620a_05;14.524658;-7.219244;17.650;50;PLANCHER 06 (+16.00m)
2069;R620a_06;16.274023;-3.607114;17.650;50;PLANCHER 06 (+16.00m)
2070;R610a_01;1.971544;16.248543;17.650;50;PLANCHER 06 (+16.00m)
2071;R610a_02;1.965711;17.670507;17.650;50;PLANCHER 06 (+16.00m)
2072;R610a_03;-0.208143;17.912047;17.650;50;PLANCHER 06 (+16.00m)
2073;R610a_04;-2.427285;17.761084;17.650;50;PLANCHER 06 (+16.00m)
2074;R610a_05;-4.133157;17.504449;17.650;50;PLANCHER 06 (+16.00m)
2075;R610a_06;-6.523126;16.728170;17.650;50;PLANCHER 06 (+16.00m)
2076;R610a_07;-8.327685;15.937744;17.650;50;PLANCHER 06 (+16.00m)
2077;R610a_08;-10.669137;14.461287;17.650;50;PLANCHER 06 (+16.00m)
2078;R610a_09;-11.593787;13.834911;17.650;50;PLANCHER 06 (+16.00m)
2079;R610a_10;-12.414876;13.059914;17.650;50;PLANCHER 06 (+16.00m)
2080;R630b_01;-12.725418;10.741578;17.650;50;PLANCHER 06 (+16.00m)
2081;R630b_02;-14.301195;10.947237;17.650;50;PLANCHER 06 (+16.00m)
2082;R630b_03;-12.246367;10.464637;16.400;50;PLANCHER 06 (+16.00m)
2131;R610a_11;4.640340;16.533611;17.650;50;PLANCHER 06 (+16.00m)
2132;R610a_12;7.798449;16.221271;17.650;50;PLANCHER 06 (+16.00m)
2133;R610a_13;8.700765;14.173706;17.650;50;PLANCHER 06 (+16.00m)
2134;R610a_14;10.435990;12.646708;17.650;50;PLANCHER 06 (+16.00m)
2135;R610b_01;11.407716;11.327938;17.650;50;PLANCHER 06 (+16.00m)
2136;R610b_02;12.726487;9.835644;17.650;50;PLANCHER 06 (+16.00m)
2137;R610b_03;14.775866;8.166666;17.650;50;PLANCHER 06 (+16.00m)
2138;R610b_04;15.158697;5.793805;17.650;50;PLANCHER 06 (+16.00m)
2139;R620a_07;17.542609;3.773541;17.650;50;PLANCHER 06 (+16.00m)
2140;R620a_08;16.572882;0.258281;17.650;50;PLANCHER 06 (+16.00m)
2141;R620a_09;17.623420;-3.095358;17.650;50;PLANCHER 06 (+16.00m)
2142;R620a_10;17.899603;0.378689;17.650;50;PLANCHER 06 (+16.00m)
2143;R623_01;6.373941;2.468108;17.650;50;PLANCHER 06 (+16.00m)
2144;R623_02;8.607525;2.468108;17.650;50;PLANCHER 06 (+16.00m)
2145;R641_01;11.055306;8.968319;17.650;50;PLANCHER 06 (+16.00m)
2146;R641_02;9.611088;7.614365;17.650;50;PLANCHER 06 (+16.00m)
2147;R641_03;8.106694;6.260410;17.650;50;PLANCHER 06 (+16.00m)
2148;R641_04;9.520824;4.455138;17.650;50;PLANCHER 06 (+16.00m)
2149;R641_05;10.814603;4.485226;17.650;50;PLANCHER 06 (+16.00m)
2150;R641_06;10.724339;6.440938;17.650;50;PLANCHER 06 (+16.00m)
2151;R641_07;13.200190;6.436481;17.650;50;PLANCHER 06 (+16.00m)
3063;R630b_04;-16.308553;7.667505;15.650;50;PLANCHER 06 (+16.00m)
3075;R630b_05;-15.854627;6.517071;15.650;50;PLANCHER 06 (+16.00m)
3076;R630a_07;-16.810375;4.766232;15.150;50;PLANCHER 06 (+16.00m)
3077;R630a_08;-17.702887;1.859522;15.150;50;PLANCHER 06 (+16.00m)
3078;R630a_09;-17.720299;0.026758;15.150;50;PLANCHER 06 (+16.00m)
3079;R630a_10;-16.819596;-2.997992;15.650;50;PLANCHER 06 (+16.00m)
3080;R630a_11;-17.411102;-4.167562;15.650;50;PLANCHER 06 (+16.00m)
4025;R611_01;-7.017349;6.890489;17.450;50;PLANCHER 06 (+16.00m)
4026;R611_02;-4.878416;7.102615;17.450;50;PLANCHER 06 (+16.00m)
4027;R612_03;-1.802594;7.544543;17.450;50;PLANCHER 06 (+16.00m)
4028;R612_04;1.131811;7.880409;17.450;50;PLANCHER 06 (+16.00m)
4029;R612_05;-2.421294;8.684719;17.650;50;PLANCHER 06 (+16.00m)
4030;R612_06;-2.863841;11.350772;17.650;50;PLANCHER 06 (+16.00m)
4031;R612_07;-1.078003;12.288337;17.650;50;PLANCHER 06 (+16.00m)
4032;R612_08;0.886419;12.042784;17.650;50;PLANCHER 06 (+16.00m)
4033;R612_09;1.076744;9.089471;17.650;50;PLANCHER 06 (+16.00m)
4212;R648_05;6.523337;10.540818;17.650;50;PLANCHER 06 (+16.00m)
4213;R648_06;6.275857;13.015617;17.650;50;PLANCHER 06 (+16.00m)
4214;R648_07;3.995507;13.722702;17.650;50;PLANCHER 06 (+16.00m)
4215;R648_08;3.341453;11.919635;17.650;50;PLANCHER 06 (+16.00m)
4216;R648_09;3.818735;8.331176;17.650;50;PLANCHER 06 (+16.00m)
2264;R612_01;-2.335118;13.152891;19.850;50;PLANCHER 06 (+16.00m)
2266;R612_02;0.223648;13.391532;19.850;50;PLANCHER 06 (+16.00m)
1079;R622_01;12.578309;-4.427021;17.650;50;PLANCHER 06 (+16.00m)
1080;R622_02;11.676775;-6.853208;17.650;50;PLANCHER 06 (+16.00m)
3197;R632_01;-10.490354;-8.603245;19.850;50;PLANCHER 06 (+16.00m)
3198;R632_02;-11.822768;-6.720629;19.850;50;PLANCHER 06 (+16.00m)
4208;R648_01;6.912234;12.308532;16.350;50;PLANCHER 06 (+16.00m)
4209;R648_02;6.654893;10.630977;16.350;50;PLANCHER 06 (+16.00m)
4210;R648_03;3.677318;13.298451;16.350;50;PLANCHER 06 (+16.00m)
4211;R648_04;3.829707;8.554608;16.350;50;PLANCHER 06 (+16.00m)
1071;R722_01;12.135599;-6.557358;21.650;50;PLANCHER 07 (+20.00m)
1072;R722_02;9.124638;-7.423296;21.650;50;PLANCHER 07 (+20.00m)
1073;R722_03;6.804514;-4.241411;21.650;50;PLANCHER 07 (+20.00m)
1074;R722_04;8.740161;-1.908029;21.650;50;PLANCHER 07 (+20.00m)
1075;R722_05;13.532874;-3.545374;21.650;50;PLANCHER 07 (+20.00m)
1076;R722_06;12.162515;-7.656634;21.650;50;PLANCHER 07 (+20.00m)
1077;R722_07;13.067094;-6.275563;21.650;50;PLANCHER 07 (+20.00m)
1078;R722_08;13.726938;-4.191563;21.650;50;PLANCHER 07 (+20.00m)
2083;R730_01;-15.751512;7.372467;19.650;50;PLANCHER 07 (+20.00m)
2084;R730_02;-13.483452;10.437471;21.650;50;PLANCHER 07 (+20.00m)
2085;R730_03;-12.764076;12.353001;21.650;50;PLANCHER 07 (+20.00m)
2152;R720_01;17.452790;3.690278;21.650;50;PLANCHER 07 (+20.00m)
2153;R720_02;16.773192;0.292288;21.650;50;PLANCHER 07 (+20.00m)
2154;R720_03;16.655001;-2.692033;21.650;50;PLANCHER 07 (+20.00m)
2155;R720_04;15.650378;-5.824093;21.650;50;PLANCHER 07 (+20.00m)
2156;R720_05;14.968179;-7.682828;21.650;50;PLANCHER 07 (+20.00m)
2157;R720_06;14.009596;-9.231501;21.650;50;PLANCHER 07 (+20.00m)
2158;R720_07;12.934563;-10.664863;21.650;50;PLANCHER 07 (+20.00m)
2159;R720_08;11.897182;-12.265439;21.650;50;PLANCHER 07 (+20.00m)
2160;R720_09;9.913038;-12.962347;21.650;50;PLANCHER 07 (+20.00m)
2161;R720_10;8.246715;-14.780154;21.650;50;PLANCHER 07 (+20.00m)
2162;R720_11;6.327919;-15.638562;21.650;50;PLANCHER 07 (+20.00m)
2163;R720_12;4.796344;-16.859334;21.650;50;PLANCHER 07 (+20.00m)
2164;R720_13;3.257797;-17.684932;21.650;50;PLANCHER 07 (+20.00m)
2165;R720_14;0.744956;-17.752240;21.650;50;PLANCHER 07 (+20.00m)
2166;R720_15;-0.614590;-17.713198;21.650;50;PLANCHER 07 (+20.00m)
2167;R720_16;-2.196499;-17.713198;21.650;50;PLANCHER 07 (+20.00m)
2168;R730_04;-3.902781;-17.478930;21.650;50;PLANCHER 07 (+20.00m)
2169;R730_05;-6.088130;-15.998734;21.650;50;PLANCHER 07 (+20.00m)
2170;R730_06;-8.125760;-14.866778;21.650;50;PLANCHER 07 (+20.00m)
2171;R730_07;-10.082677;-13.424315;21.650;50;PLANCHER 07 (+20.00m)
2172;R730_08;-11.386268;-12.305583;21.650;50;PLANCHER 07 (+20.00m)
2173;R730_09;-12.356774;-11.304469;21.650;50;PLANCHER 07 (+20.00m)
2174;R730_10;-13.773724;-9.923234;21.650;50;PLANCHER 07 (+20.00m)
2175;R730_11;-14.889484;-8.110809;21.650;50;PLANCHER 07 (+20.00m)
2176;R730_12;-15.076248;-5.871667;21.650;50;PLANCHER 07 (+20.00m)
2177;R730_13;-16.900573;-3.069517;21.650;50;PLANCHER 07 (+20.00m)
2178;R730_14;-16.961524;1.948776;21.650;50;PLANCHER 07 (+20.00m)
2179;R730_15;-16.096216;5.830137;21.650;50;PLANCHER 07 (+20.00m)
2180;R730_16;-13.110806;10.273237;21.650;50;PLANCHER 07 (+20.00m)
2181;R710_01;-11.217326;11.875718;21.650;50;PLANCHER 07 (+20.00m)
2182;R710_02;16.337175;5.050233;21.650;50;PLANCHER 07 (+20.00m)
2183;R710_03;15.223258;6.800765;21.650;50;PLANCHER 07 (+20.00m)
2184;R710_04;14.510319;9.529599;21.650;50;PLANCHER 07 (+20.00m)
2185;R710_05;12.764849;10.537547;21.650;50;PLANCHER 07 (+20.00m)
2186;R710_06;11.809147;13.036190;21.650;50;PLANCHER 07 (+20.00m)
2187;R710_07;8.719843;15.424375;21.650;50;PLANCHER 07 (+20.00m)
2188;R710_08;3.048123;17.726850;21.650;50;PLANCHER 07 (+20.00m)
2189;R741_01;13.591042;5.317206;21.650;50;PLANCHER 07 (+20.00m)
2190;R741_02;12.761919;6.267934;21.650;50;PLANCHER 07 (+20.00m)
2191;R741_03;10.701190;5.196355;21.650;50;PLANCHER 07 (+20.00m)
2192;R741_04;7.843668;5.384749;21.650;50;PLANCHER 07 (+20.00m)
2201;R710_09;5.107509;15.605594;23.650;50;PLANCHER 07 (+20.00m)
2202;R710_10;5.673177;15.419984;23.400;50;PLANCHER 07 (+20.00m)
2211;R711_01;-9.686865;10.027035;21.650;50;PLANCHER 07 (+20.00m)
2212;R711_02;-7.464294;11.349994;21.650;50;PLANCHER 07 (+20.00m)
2213;R711_03;-5.506315;11.932096;21.650;50;PLANCHER 07 (+20.00m)
2214;R711_04;-7.728886;7.169445;21.650;50;PLANCHER 07 (+20.00m)
2215;R711_05;-4.606703;10.503301;21.650;50;PLANCHER 07 (+20.00m)
2216;R711_06;-4.020532;8.234377;21.650;50;PLANCHER 07 (+20.00m)
2217;R740_01;-13.506372;-4.866278;21.650;50;PLANCHER 07 (+20.00m)
2218;R740_02;-11.922828;-3.417503;21.650;50;PLANCHER 07 (+20.00m)
2219;R740_03;-10.271899;-2.474116;21.650;50;PLANCHER 07 (+20.00m)
2220;R740_04;-7.306966;-1.766575;21.650;50;PLANCHER 07 (+20.00m)
2221;R740_05;-4.982189;-0.216723;21.650;50;PLANCHER 07 (+20.00m)
2222;R740_06;-4.881111;2.310209;21.650;50;PLANCHER 07 (+20.00m)
2223;R711_07;-5.992961;4.365447;21.650;50;PLANCHER 07 (+20.00m)
2224;R740_07;-5.049573;-3.147964;21.650;50;PLANCHER 07 (+20.00m)
2225;R740_08;-4.308340;-5.068432;21.650;50;PLANCHER 07 (+20.00m)
2226;R731_01;-4.091460;-8.309995;21.650;50;PLANCHER 07 (+20.00m)
2227;R731_02;-3.533414;-10.324450;21.650;50;PLANCHER 07 (+20.00m)
2228;R731_03;-4.143182;-13.792541;21.650;50;PLANCHER 07 (+20.00m)
2229;R731_04;-6.732733;-10.089205;21.650;50;PLANCHER 07 (+20.00m)
2230;R721_01;14.216010;-0.166471;21.650;50;PLANCHER 07 (+20.00m)
2231;R721_02;10.619258;0.031152;21.650;50;PLANCHER 07 (+20.00m)
2232;R740_09;5.601003;-5.552420;21.650;50;PLANCHER 07 (+20.00m)
2233;R744_01;6.103567;-7.562675;21.650;50;PLANCHER 07 (+20.00m)
2234;R740_10;5.793716;-2.880418;21.650;50;PLANCHER 07 (+20.00m)
2235;R740_11;6.439915;-1.278093;21.650;50;PLANCHER 07 (+20.00m)
2236;R740_12;8.010958;-1.119062;21.650;50;PLANCHER 07 (+20.00m)
2237;R721_03;8.075625;1.643403;21.650;50;PLANCHER 07 (+20.00m)
2238;R741_05;4.620416;7.053074;21.650;50;PLANCHER 07 (+20.00m)
2239;R740_13;-2.529577;5.499019;21.650;50;PLANCHER 07 (+20.00m)
2240;R740_14;-0.283109;5.418788;21.650;50;PLANCHER 07 (+20.00m)
2241;R740_15;2.805784;4.817055;21.650;50;PLANCHER 07 (+20.00m)
2262;R712_07;0.709160;14.009056;21.650;50;PLANCHER 07 (+20.00m)
2263;R712_08;-3.158882;13.826475;21.650;50;PLANCHER 07 (+20.00m)
2265;R712_09;-1.104485;13.992153;21.650;50;PLANCHER 07 (+20.00m)
3199;R732_01;-12.639205;-6.385346;21.650;50;PLANCHER 07 (+20.00m)
3200;R732_02;-11.683561;-8.046415;21.650;50;PLANCHER 07 (+20.00m)
3201;R732_03;-10.344518;-9.398716;21.650;50;PLANCHER 07 (+20.00m)
3202;R732_04;-10.132392;-9.769936;21.650;50;PLANCHER 07 (+20.00m)
3203;R732_05;-6.446709;-7.542616;21.650;50;PLANCHER 07 (+20.00m)
3204;R732_06;-6.499741;-4.135348;21.650;50;PLANCHER 07 (+20.00m)
3205;R732_07;-9.734656;-3.472456;21.650;50;PLANCHER 07 (+20.00m)
3206;R732_08;-12.691158;-5.805838;21.650;50;PLANCHER 07 (+20.00m)
4068;R749_01;11.352526;9.285033;21.650;50;PLANCHER 07 (+20.00m)
4069;R749_02;10.107735;9.699963;21.650;50;PLANCHER 07 (+20.00m)
4070;R749_03;9.315596;8.379730;21.650;50;PLANCHER 07 (+20.00m)
4071;R749_04;7.187755;9.035390;21.650;50;PLANCHER 07 (+20.00m)
4072;R749_05;7.470955;12.283067;21.650;50;PLANCHER 07 (+20.00m)
4073;R748_01;5.790704;13.030349;21.650;50;PLANCHER 07 (+20.00m)
4074;R748_02;5.858325;12.035786;21.650;50;PLANCHER 07 (+20.00m)
4075;R748_03;2.593458;12.103049;21.650;50;PLANCHER 07 (+20.00m)
4076;R748_04;2.696661;9.357863;21.650;50;PLANCHER 07 (+20.00m)
2286;R740_16;1.539643;7.358198;21.650;50;PLANCHER 07 (+20.00m)
2288;R740_17;0.279774;6.846376;21.650;50;PLANCHER 07 (+20.00m)
2256;R712_01;0.362855;8.095020;21.650;50;PLANCHER 07 (+20.00m)
2257;R712_02;-1.983785;7.988958;21.650;50;PLANCHER 07 (+20.00m)
2258;R712_03;-3.269796;9.248454;21.650;50;PLANCHER 07 (+20.00m)
2259;R712_04;-3.503466;12.128722;21.650;50;PLANCHER 07 (+20.00m)
2260;R712_05;-1.883444;13.264224;21.650;50;PLANCHER 07 (+20.00m)
2261;R712_06;0.207075;13.487652;21.650;50;PLANCHER 07 (+20.00m)
1045;R732_01;-10.858259;-4.673949;32.150;50;PLANCHER 08 (+24.00m)
1046;R732_02;-10.121702;-9.720079;27.650;50;PLANCHER 08 (+24.00m)
1047;R732_03;-11.509963;-8.048774;27.650;50;PLANCHER 08 (+24.00m)
1048;R732_04;-11.736592;-5.005395;27.650;50;PLANCHER 08 (+24.00m)
1049;R732_05;-9.094237;-3.230850;27.650;50;PLANCHER 08 (+24.00m)
1050;R732_06;-6.314232;-4.387460;27.650;50;PLANCHER 08 (+24.00m)
1051;R732_07;-6.303119;-7.741048;27.650;50;PLANCHER 08 (+24.00m)
2193;R710_01;7.321570;15.038821;25.550;50;PLANCHER 08 (+24.00m)
2194;R710_02;7.991117;13.834374;25.550;50;PLANCHER 08 (+24.00m)
2195;R849_01;7.304382;12.640052;25.550;50;PLANCHER 08 (+24.00m)
2196;R849_02;8.558420;11.460660;25.550;50;PLANCHER 08 (+24.00m)
2197;R849_03;9.902032;9.086945;25.550;50;PLANCHER 08 (+24.00m)
2198;R848_01;5.274035;13.446220;25.550;50;PLANCHER 08 (+24.00m)
2199;R848_02;2.575259;12.904306;25.550;50;PLANCHER 08 (+24.00m)
2200;R848_03;2.273301;11.191937;27.650;50;PLANCHER 08 (+24.00m)
2246;R712_01;-2.920120;6.462647;27.650;50;PLANCHER 08 (+24.00m)
2247;R712_02;-2.038480;7.400716;27.650;50;PLANCHER 08 (+24.00m)
2248;R712_03;-0.450845;6.777521;27.650;50;PLANCHER 08 (+24.00m)
2249;R712_04;1.189814;6.379786;27.650;50;PLANCHER 08 (+24.00m)
2250;R712_05;-3.711591;9.358611;27.650;50;PLANCHER 08 (+24.00m)
2251;R712_06;-3.889582;12.206460;27.650;50;PLANCHER 08 (+24.00m)
2252;R712_07;-1.362116;13.559188;27.650;50;PLANCHER 08 (+24.00m)
2253;R712_08;1.094153;12.384451;27.650;50;PLANCHER 08 (+24.00m)
3239;R722_01;8.833919;-7.133701;31.650;50;PLANCHER 08 (+24.00m)
3240;R722_02;13.439309;-3.994600;27.650;50;PLANCHER 08 (+24.00m)
3241;R722_03;12.671554;-5.969186;27.650;50;PLANCHER 08 (+24.00m)
3242;R722_04;10.453738;-7.234371;27.650;50;PLANCHER 08 (+24.00m)
3243;R722_05;8.818320;-1.772979;27.650;50;PLANCHER 08 (+24.00m)
3244;R722_06;6.964432;-3.276812;27.650;50;PLANCHER 08 (+24.00m)
3245;R722_07;7.445863;-6.695771;27.650;50;PLANCHER 08 (+24.00m)
4066;R841_01;12.237682;5.238568;25.650;50;PLANCHER 08 (+24.00m)
4067;R841_02;11.897689;4.159971;25.650;50;PLANCHER 08 (+24.00m)
2254;R712_09;0.987359;12.811628;32.150;50;PLANCHER 08 (+24.00m)
2255;R712_10;0.359565;12.704542;32.150;50;PLANCHER 08 (+24.00m)
2281;R730_01;-12.948028;10.401887;25.650;50;PLANCHER 08 (+24.00m)
2282;R730_02;-11.980205;10.998490;25.650;50;PLANCHER 08 (+24.00m)
2283;R710_11;-11.323942;12.271244;25.650;50;PLANCHER 08 (+24.00m)
2284;R730_03;-12.537035;11.018377;25.650;50;PLANCHER 08 (+24.00m)
2285;R710_12;-11.483036;12.423709;25.650;50;PLANCHER 08 (+24.00m)
2203;R710_03;1.077122;17.947814;27.350;50;PLANCHER 08 (+24.00m)
2204;R710_04;0.458047;15.995145;27.350;50;PLANCHER 08 (+24.00m)
2205;R710_05;-2.460944;17.680091;27.350;50;PLANCHER 08 (+24.00m)
2206;R710_06;-4.217086;17.442775;27.350;50;PLANCHER 08 (+24.00m)
2207;R710_07;-6.827566;16.612168;27.350;50;PLANCHER 08 (+24.00m)
2208;R710_08;-8.275196;15.923950;27.350;50;PLANCHER 08 (+24.00m)
2209;R710_09;-10.505970;13.930492;27.350;50;PLANCHER 08 (+24.00m)
2210;R710_10;-11.478967;13.835566;27.350;50;PLANCHER 08 (+24.00m)
1052;R732_01;-8.439670;-8.709714;-6.850;50;
1053;R732_02;-5.579878;-6.353533;-6.850;50;
1054;R732_03;-7.828143;-2.990130;-6.850;50;
1055;R732_04;-11.173560;-4.752769;-6.850;50;
2242;R712_01;0.690219;14.026533;-6.850;50;
2243;R712_02;-3.271948;13.509728;-6.850;50;
2244;R712_03;-2.927412;7.824880;-6.850;50;
2245;R712_04;1.494137;8.111993;-6.850;50;
2267;R910_01;6.521355;14.658721;-7.150;50;
2268;R910_02;9.296874;13.095047;-7.150;50;
2269;R910_03;12.691638;9.987429;-7.150;50;
2270;R910_04;14.902122;5.847796;-7.150;50;
2271;R910_05;16.067650;0.623015;-7.150;50;
2272;R910_06;15.424600;-4.762527;-7.150;50;
2273;R910_07;12.542161;-9.715484;-7.150;50;
2274;R910_08;8.827700;-13.429945;-7.150;50;
2275;R910_09;2.884563;-15.534806;-7.150;50;
2276;R910_10;-4.358636;-15.225267;-7.150;50;
2277;R910_11;-11.356416;-11.178760;-7.150;50;
2278;R910_12;-15.302596;-4.662975;-7.150;50;
2279;R910_13;-15.914164;1.802121;-7.150;50;
2280;R910_14;-13.438858;8.960440;-7.150;50;
3234;R722_01;11.697927;-2.960434;-6.850;50;
3235;R722_02;8.589809;-1.509979;-6.850;50;
3236;R722_03;6.724938;-5.239721;-6.850;50;
3237;R722_04;7.343114;-7.065334;-6.850;50;
3238;R722_05;9.685050;-7.015789;-6.850;50;
