Num scan;Locator;X;Y;Z;Delta;Hauteur/cm;Zcorrige;% NORD;PlancherMS
1001;R110b_01;15.217;6.563;-3.500;;165.000;-1.850;50;PLANCHER 01 (-03.50m)
1002;R110b_02;14.146;9.040;-3.500;;165.000;-1.850;50;PLANCHER 01 (-03.50m)
1003;R110b_03;12.590;9.863;-3.500;;165.000;-1.850;50;PLANCHER 01 (-03.50m)
1004;R110b_04;11.989;11.412;-3.500;;165.000;-1.850;50;PLANCHER 01 (-03.50m)
1005;R110b_05;10.817;13.046;-3.500;;165.000;-1.850;50;PLANCHER 01 (-03.50m)
1006;R110a_01;8.721;14.502;-3.500;;165.000;-1.850;50;PLANCHER 01 (-03.50m)
1007;R110a_02;5.453;15.071;-3.500;;165.000;-1.850;50;PLANCHER 01 (-03.50m)
1008;R110a_03;2.450;17.305;-3.500;;165.000;-1.850;50;PLANCHER 01 (-03.50m)
1009;R110a_04;-1.179;16.864;-3.500;;165.000;-1.850;50;PLANCHER 01 (-03.50m)
1010;R110a_05;-3.042;17.599;-3.500;;165.000;-1.850;50;PLANCHER 01 (-03.50m)
1011;R110a_06;-4.808;15.295;-3.500;;165.000;-1.850;50;PLANCHER 01 (-03.50m)
1012;R110a_07;-7.358;15.932;-3.500;;165.000;-1.850;50;PLANCHER 01 (-03.50m)
1013;R111_01;-4.661;12.990;-3.500;;165.000;-1.850;50;PLANCHER 01 (-03.50m)
1014;R111_02;-4.317;11.028;-3.500;;165.000;-1.850;50;PLANCHER 01 (-03.50m)
1015;R111_03;-7.211;12.548;-3.500;;165.000;-1.850;50;PLANCHER 01 (-03.50m)
1016;R110a_08;-8.829;13.333;-3.500;;165.000;-1.850;50;PLANCHER 01 (-03.50m)
1017;R110a_09;-11.452;13.571;-3.500;;165.000;-1.850;50;PLANCHER 01 (-03.50m)
1018;R130c_01;-12.205;10.421;-3.500;;165.000;-1.850;50;PLANCHER 01 (-03.50m)
1019;R147_01;-11.259;8.513;-3.500;;165.000;-1.850;50;PLANCHER 01 (-03.50m)
1020;R111_04;-8.548;6.946;-3.500;;165.000;-1.850;50;PLANCHER 01 (-03.50m)
1021;R111_05;-6.471;6.530;-3.500;;165.000;-1.850;50;PLANCHER 01 (-03.50m)
1022;R113_01;-3.699;5.733;-3.500;;165.000;-1.850;50;PLANCHER 01 (-03.50m)
1023;R111_06;-9.530;10.099;-3.500;;165.000;-1.850;50;PLANCHER 01 (-03.50m)
1024;R113_02;-1.150;5.815;-3.500;;165.000;-1.850;50;PLANCHER 01 (-03.50m)
1025;R113_03;0.966;6.691;-3.500;;165.000;-1.850;50;PLANCHER 01 (-03.50m)
1026;R149_01;2.791;10.305;-3.500;;165.000;-1.850;50;PLANCHER 01 (-03.50m)
1027;R149_02;2.752;7.234;-3.500;;165.000;-1.850;50;PLANCHER 01 (-03.50m)
1028;R148_01;3.386;12.924;-3.500;;165.000;-1.850;50;PLANCHER 01 (-03.50m)
1029;R148_02;7.813;11.854;-3.500;;165.000;-1.850;50;PLANCHER 01 (-03.50m)
1030;R148_03;5.141;10.911;-3.500;;165.000;-1.850;50;PLANCHER 01 (-03.50m)
1031;R130c_02;-14.234;8.314;-3.500;;165.000;-1.850;50;PLANCHER 01 (-03.50m)
1032;R130c_03;-15.870;5.643;-3.500;;165.000;-1.850;50;PLANCHER 01 (-03.50m)
1033;R130a_01;-15.571;2.770;-3.500;;165.000;-1.850;50;PLANCHER 01 (-03.50m)
1034;R130a_02;-17.000;0.713;-3.500;;165.000;-1.850;50;PLANCHER 01 (-03.50m)
1035;R130a_03;-16.756;-1.692;-3.500;;165.000;-1.850;50;PLANCHER 01 (-03.50m)
1036;R130a_04;-15.362;-4.202;-3.500;;165.000;-1.850;50;PLANCHER 01 (-03.50m)
1037;R130a_05;-15.675;-6.642;-3.500;;165.000;-1.850;50;PLANCHER 01 (-03.50m)
1038;R130a_06;-14.096;-8.055;-3.500;;165.000;-1.850;50;PLANCHER 01 (-03.50m)
1039;R130a_07;-13.260;-9.298;-3.500;;165.000;-1.850;50;PLANCHER 01 (-03.50m)
1040;R130a_08;-14.245;-9.002;-3.500;;165.000;-1.850;50;PLANCHER 01 (-03.50m)
1041;R130a_09;-11.387;-11.269;-3.500;;165.000;-1.850;50;PLANCHER 01 (-03.50m)
1042;R130a_10;-13.062;-10.801;-3.500;;165.000;-1.850;50;PLANCHER 01 (-03.50m)
1043;R130a_11;-9.070;-13.315;-3.500;;165.000;-1.850;50;PLANCHER 01 (-03.50m)
1044;R147_02;-8.276;5.518;-3.500;;165.000;-1.850;50;PLANCHER 01 (-03.50m)
3171;R147_03;-7.266;3.234;-3.500;;165.000;-1.850;50;PLANCHER 01 (-03.50m)
3172;R147_04;-9.495;3.330;-3.500;;165.000;-1.850;50;PLANCHER 01 (-03.50m)
3173;R147_05;-11.939;3.475;-3.500;;165.000;-1.850;50;PLANCHER 01 (-03.50m)
3174;R147_06;-13.810;3.539;-3.500;;165.000;-1.850;50;PLANCHER 01 (-03.50m)
3175;R147_07;-10.245;1.098;-3.500;;165.000;-1.850;50;PLANCHER 01 (-03.50m)
3176;R147_08;-7.678;0.096;-3.500;;165.000;-1.850;50;PLANCHER 01 (-03.50m)
3177;R147_09;-9.954;-2.872;-3.500;;165.000;-1.850;50;PLANCHER 01 (-03.50m)
3178;R147_10;-12.048;-4.238;-3.500;;165.000;-1.850;50;PLANCHER 01 (-03.50m)
3179;R147_11;-13.942;-2.089;-3.500;;165.000;-1.850;50;PLANCHER 01 (-03.50m)
3180;R133_01;-5.272;0.162;-3.500;;165.000;-1.850;50;PLANCHER 01 (-03.50m)
3181;R133_02;-7.216;-2.159;-3.500;;165.000;-1.850;50;PLANCHER 01 (-03.50m)
3182;R133_03;-4.790;-1.957;-3.500;;165.000;-1.850;50;PLANCHER 01 (-03.50m)
3183;R133_04;-3.597;-3.635;-3.500;;120.000;-2.300;50;PLANCHER 01 (-03.50m)
3184;R133_05;-3.314;-5.293;-3.500;;100.000;-2.500;50;PLANCHER 01 (-03.50m)
3185;R133_06;-0.989;-4.949;-3.500;;100.000;-2.500;50;PLANCHER 01 (-03.50m)
3186;R123_01;1.720;-4.766;-3.500;;165.000;-1.850;50;PLANCHER 01 (-03.50m)
3187;R133_07;-4.479;-5.967;-3.500;;100.000;-2.500;50;PLANCHER 01 (-03.50m)
3188;R131_01;-4.803;-7.634;-3.500;;165.000;-1.850;50;PLANCHER 01 (-03.50m)
3189;R131_02;-6.844;-8.928;-3.500;;165.000;-1.850;50;PLANCHER 01 (-03.50m)
3190;R131_03;-8.815;-10.146;-3.500;;165.000;-1.850;50;PLANCHER 01 (-03.50m)
3192;R131_04;-3.788;-8.702;-3.500;;165.000;-1.850;50;PLANCHER 01 (-03.50m)
3193;R131_05;-3.489;-9.847;-3.500;;165.000;-1.850;50;PLANCHER 01 (-03.50m)
3194;R131_06;-3.240;-11.614;-3.500;;165.000;-1.850;50;PLANCHER 01 (-03.50m)
3195;R131_07;-3.439;-13.779;-3.500;;165.000;-1.850;50;PLANCHER 01 (-03.50m)
3196;R131_08;-4.584;-13.182;-3.500;;165.000;-1.850;50;PLANCHER 01 (-03.50m)
4149;R141_01;7.430;3.583;-3.500;;165.000;-1.850;50;PLANCHER 01 (-03.50m)
4150;R141_02;9.373;5.975;-3.500;;165.000;-1.850;50;PLANCHER 01 (-03.50m)
4151;R141_03;10.034;7.975;-3.500;;165.000;-1.850;50;PLANCHER 01 (-03.50m)
4152;R141_04;12.035;7.875;-3.500;;165.000;-1.850;50;PLANCHER 01 (-03.50m)
4153;R141_05;3.987;5.559;-3.500;;165.000;-1.850;50;PLANCHER 01 (-03.50m)
4154;R141_06;6.589;7.932;-3.500;;165.000;-1.850;50;PLANCHER 01 (-03.50m)
4155;R141_07;8.182;8.816;-3.500;;165.000;-1.850;50;PLANCHER 01 (-03.50m)
4156;R141_08;9.463;10.666;-3.500;;165.000;-1.850;50;PLANCHER 01 (-03.50m)
4157;R141_09;11.707;6.651;-3.500;;165.000;-1.850;50;PLANCHER 01 (-03.50m)
4158;R121_01;7.625;0.187;-3.500;;165.000;-1.850;50;PLANCHER 01 (-03.50m)
4159;R121_02;9.440;2.355;-3.500;;165.000;-1.850;50;PLANCHER 01 (-03.50m)
4160;R121_03;10.612;3.423;-3.500;;165.000;-1.850;50;PLANCHER 01 (-03.50m)
4161;R121_04;13.523;3.548;-3.500;;165.000;-1.850;50;PLANCHER 01 (-03.50m)
4162;R121_05;13.251;5.894;-3.500;;165.000;-1.850;50;PLANCHER 01 (-03.50m)
4163;R121_06;14.540;4.774;-3.500;;165.000;-1.850;50;PLANCHER 01 (-03.50m)
4164;R121_07;10.942;-1.352;-3.500;;165.000;-1.850;50;PLANCHER 01 (-03.50m)
4165;R121_08;13.896;-1.481;-3.500;;165.000;-1.850;50;PLANCHER 01 (-03.50m)
4166;R121_09;10.850;1.074;-3.500;;165.000;-1.850;50;PLANCHER 01 (-03.50m)
4167;R123_02;3.840;-4.493;-3.500;;165.000;-1.850;50;PLANCHER 01 (-03.50m)
4168;R123_03;5.834;-4.291;-3.500;;165.000;-1.850;50;PLANCHER 01 (-03.50m)
4169;R123_04;5.476;-2.085;-3.500;;40.000;-3.100;50;PLANCHER 01 (-03.50m)
4170;R120_01;16.628;3.694;-3.500;;165.000;-1.850;50;PLANCHER 01 (-03.50m)
4171;R120_02;16.779;-0.044;-3.500;;165.000;-1.850;50;PLANCHER 01 (-03.50m)
4172;R120_03;16.591;-2.651;-3.500;;165.000;-1.850;50;PLANCHER 01 (-03.50m)
4173;R120_04;15.864;-5.184;-3.500;;165.000;-1.850;50;PLANCHER 01 (-03.50m)
4174;R120_05;14.382;-8.175;-3.500;;165.000;-1.850;50;PLANCHER 01 (-03.50m)
4175;R120_06;13.177;-10.182;-3.500;;165.000;-1.850;50;PLANCHER 01 (-03.50m)
4176;R120_07;12.611;-11.914;-3.500;;165.000;-1.850;50;PLANCHER 01 (-03.50m)
4177;R120_08;11.038;-11.772;-3.500;;165.000;-1.850;50;PLANCHER 01 (-03.50m)
4178;R120_09;10.272;-12.400;-3.500;;165.000;-1.850;50;PLANCHER 01 (-03.50m)
4179;R120_10;9.460;-12.953;-3.500;;165.000;-1.850;50;PLANCHER 01 (-03.50m)
4191;R120_11;8.562;-13.676;-3.500;;165.000;-1.850;50;PLANCHER 01 (-03.50m)
4192;R120_12;2.845;-14.194;-3.500;;165.000;-1.850;50;PLANCHER 01 (-03.50m)
4193;R120_13;5.854;-14.874;-3.500;;165.000;-1.850;50;PLANCHER 01 (-03.50m)
4194;R120_14;2.498;-15.672;-3.500;;165.000;-1.850;50;PLANCHER 01 (-03.50m)
4195;R120_15;-0.545;-15.627;-3.500;;165.000;-1.850;50;PLANCHER 01 (-03.50m)
4196;R145_01;3.442;-12.743;-3.500;;165.000;-1.850;50;PLANCHER 01 (-03.50m)
4197;R145_02;3.196;-9.777;-3.500;;165.000;-1.850;50;PLANCHER 01 (-03.50m)
4198;R145_03;2.920;-7.851;-3.500;;165.000;-1.850;50;PLANCHER 01 (-03.50m)
4199;R145_04;2.045;-6.751;-3.500;;165.000;-1.850;50;PLANCHER 01 (-03.50m)
4200;R120_16;-3.224;-15.618;-3.500;;165.000;-1.850;50;PLANCHER 01 (-03.50m)
4201;R130b_01;-5.222;-14.969;-3.500;;165.000;-1.850;50;PLANCHER 01 (-03.50m)
4202;R130b_02;-6.599;-15.089;-3.500;;165.000;-1.850;50;PLANCHER 01 (-03.50m)
4203;R130a_12;-8.820;-13.550;-3.500;;165.000;-1.850;50;PLANCHER 01 (-03.50m)
4204;R131_09;-7.757;-12.042;-3.500;;165.000;-1.850;50;PLANCHER 01 (-03.50m)
4205;R130a_13;-9.864;-12.619;-3.500;;165.000;-1.850;50;PLANCHER 01 (-03.50m)
4206;R130a_14;-11.977;-10.721;-3.500;;165.000;-1.850;50;PLANCHER 01 (-03.50m)
4207;R130a_15;-13.395;-8.743;-3.500;;165.000;-1.850;50;PLANCHER 01 (-03.50m)
2115;R211_01;-4.430;13.958;0.000;;165.000;1.650;50;PLANCHER 02 (+00.00m)
2116;R232_01;-6.056;-6.049;0.000;;165.000;1.650;50;PLANCHER 02 (+00.00m)
2117;R232_02;-6.824;-4.489;0.000;;165.000;1.650;50;PLANCHER 02 (+00.00m)
2118;R232_03;-8.368;-7.005;0.000;;165.000;1.650;50;PLANCHER 02 (+00.00m)
2119;R232_04;-9.865;-6.096;0.000;;165.000;1.650;50;PLANCHER 02 (+00.00m)
2120;R246_01;0.218;-8.032;0.000;;165.000;1.650;50;PLANCHER 02 (+00.00m)
2121;R246_02;0.099;-10.400;0.000;;165.000;1.650;50;PLANCHER 02 (+00.00m)
2122;R220b_01;0.318;-13.960;0.000;;165.000;1.650;50;PLANCHER 02 (+00.00m)
2123;R220b_02;1.519;-14.069;0.000;;165.000;1.650;50;PLANCHER 02 (+00.00m)
2124;R245_01;3.550;-8.762;0.000;;165.000;1.650;50;PLANCHER 02 (+00.00m)
2125;R245_02;3.616;-11.239;0.000;;165.000;1.650;50;PLANCHER 02 (+00.00m)
2126;R246_03;-1.520;-8.280;0.000;;165.000;1.650;50;PLANCHER 02 (+00.00m)
2127;R245_03;1.616;-8.743;0.000;;165.000;1.650;50;PLANCHER 02 (+00.00m)
2128;R210a_01;9.505;13.898;0.000;;165.000;1.650;50;PLANCHER 02 (+00.00m)
2129;R210a_02;8.219;14.627;0.000;;165.000;1.650;50;PLANCHER 02 (+00.00m)
2130;R210a_03;5.582;15.704;0.000;;165.000;1.650;50;PLANCHER 02 (+00.00m)
3081;R248_01;8.986;11.363;0.000;;165.000;1.650;50;PLANCHER 02 (+00.00m)
3082;R248_02;8.005;10.381;0.000;;165.000;1.650;50;PLANCHER 02 (+00.00m)
3083;R248_03;5.489;7.879;0.000;;165.000;1.650;50;PLANCHER 02 (+00.00m)
3084;R248_04;4.024;6.553;0.000;;165.000;1.650;50;PLANCHER 02 (+00.00m)
3085;R213_01;3.015;5.571;0.000;;165.000;1.650;50;PLANCHER 02 (+00.00m)
3086;R213_02;1.828;6.739;0.000;;165.000;1.650;50;PLANCHER 02 (+00.00m)
3087;R213_03;1.098;8.194;0.000;;165.000;1.650;50;PLANCHER 02 (+00.00m)
3088;R213_04;0.670;11.547;0.000;;165.000;1.650;50;PLANCHER 02 (+00.00m)
3089;R213_05;0.348;15.123;0.000;;165.000;1.650;50;PLANCHER 02 (+00.00m)
3090;R248_05;2.482;11.680;0.000;;165.000;1.650;50;PLANCHER 02 (+00.00m)
3091;R248_06;2.443;9.997;0.000;;165.000;1.650;50;PLANCHER 02 (+00.00m)
3092;R248_07;2.813;13.241;0.000;;165.000;1.650;50;PLANCHER 02 (+00.00m)
3093;R248_08;4.199;12.961;0.000;;165.000;1.650;50;PLANCHER 02 (+00.00m)
3094;R248_09;5.293;13.484;0.000;;165.000;1.650;50;PLANCHER 02 (+00.00m)
3095;R212_01;-1.635;8.117;0.000;;165.000;1.650;50;PLANCHER 02 (+00.00m)
3096;R212_02;-2.713;9.861;0.000;;165.000;1.650;50;PLANCHER 02 (+00.00m)
3097;R212_03;-0.885;10.171;0.000;;165.000;1.650;50;PLANCHER 02 (+00.00m)
3098;R211_02;-4.552;12.362;0.000;;165.000;1.650;50;PLANCHER 02 (+00.00m)
3099;R211_03;-5.446;13.508;0.000;;165.000;1.650;50;PLANCHER 02 (+00.00m)
3100;R230b_01;-12.890;10.892;0.000;;165.000;1.650;50;PLANCHER 02 (+00.00m)
3101;R230b_02;-14.452;10.860;0.000;;165.000;1.650;50;PLANCHER 02 (+00.00m)
3102;R230b_03;-14.213;8.215;0.000;;165.000;1.650;50;PLANCHER 02 (+00.00m)
3103;R230b_04;-14.866;6.159;0.000;;165.000;1.650;50;PLANCHER 02 (+00.00m)
3119;R210a_04;-12.358;13.178;0.000;;165.000;1.650;50;PLANCHER 02 (+00.00m)
3120;R210a_05;-10.111;12.889;0.000;;165.000;1.650;50;PLANCHER 02 (+00.00m)
3121;R210a_06;-8.154;14.719;0.000;;165.000;1.650;50;PLANCHER 02 (+00.00m)
3122;R210a_07;-5.875;14.879;0.000;;165.000;1.650;50;PLANCHER 02 (+00.00m)
3123;R210a_08;-2.890;16.596;0.000;;165.000;1.650;50;PLANCHER 02 (+00.00m)
3124;R210a_09;0.205;16.678;0.000;;165.000;1.650;50;PLANCHER 02 (+00.00m)
3125;R210a_10;3.077;16.357;0.000;;165.000;1.650;50;PLANCHER 02 (+00.00m)
3126;R230a_01;-14.605;-7.739;0.000;;165.000;1.650;50;PLANCHER 02 (+00.00m)
3127;R230a_02;-13.345;-10.018;0.000;;165.000;1.650;50;PLANCHER 02 (+00.00m)
3128;R230a_03;-10.871;-12.658;0.000;;165.000;1.650;50;PLANCHER 02 (+00.00m)
3129;R230a_04;-7.983;-14.546;0.000;;165.000;1.650;50;PLANCHER 02 (+00.00m)
3130;R230a_05;-6.405;-15.088;0.000;;165.000;1.650;50;PLANCHER 02 (+00.00m)
3131;R230a_06;-4.946;-15.974;0.000;;165.000;1.650;50;PLANCHER 02 (+00.00m)
3132;R230a_07;-16.951;-0.710;0.000;;165.000;1.650;50;PLANCHER 02 (+00.00m)
3133;R220b_03;4.710;-16.398;0.000;;165.000;1.650;50;PLANCHER 02 (+00.00m)
3134;R220b_04;-2.823;-16.739;0.000;;165.000;1.650;50;PLANCHER 02 (+00.00m)
3135;R220b_05;-0.647;-16.855;0.000;;165.000;1.650;50;PLANCHER 02 (+00.00m)
3136;R220b_06;2.025;-16.909;0.000;;165.000;1.650;50;PLANCHER 02 (+00.00m)
3137;R220a_01;6.805;-15.051;0.000;;165.000;1.650;50;PLANCHER 02 (+00.00m)
3138;R220a_02;8.584;-13.985;0.000;;165.000;1.650;50;PLANCHER 02 (+00.00m)
3139;R220a_03;10.573;-12.568;0.000;;165.000;1.650;50;PLANCHER 02 (+00.00m)
3140;R220a_04;12.252;-11.017;0.000;;165.000;1.650;50;PLANCHER 02 (+00.00m)
3141;R220a_05;14.130;-8.439;0.000;;165.000;1.650;50;PLANCHER 02 (+00.00m)
3142;R220a_06;15.490;-5.915;0.000;;165.000;1.650;50;PLANCHER 02 (+00.00m)
3143;R220a_07;17.388;-4.417;0.000;;165.000;1.650;50;PLANCHER 02 (+00.00m)
3144;R230a_08;-16.347;4.508;0.000;;165.000;1.650;50;PLANCHER 02 (+00.00m)
3145;R220a_08;15.823;-2.247;0.000;;165.000;1.650;50;PLANCHER 02 (+00.00m)
3146;R220a_09;16.598;0.069;0.000;;165.000;1.650;50;PLANCHER 02 (+00.00m)
3147;R220a_10;16.545;2.898;0.000;;165.000;1.650;50;PLANCHER 02 (+00.00m)
3148;R210b_01;15.979;5.308;0.000;;165.000;1.650;50;PLANCHER 02 (+00.00m)
3149;R210b_02;14.668;7.372;0.000;;165.000;1.650;50;PLANCHER 02 (+00.00m)
3150;R210b_03;14.193;8.680;0.000;;165.000;1.650;50;PLANCHER 02 (+00.00m)
3151;R210b_04;12.999;10.503;0.000;;165.000;1.650;50;PLANCHER 02 (+00.00m)
3152;R210b_05;11.356;12.313;0.000;;165.000;1.650;50;PLANCHER 02 (+00.00m)
3153;R220a_11;17.799;0.085;0.000;;165.000;1.650;50;PLANCHER 02 (+00.00m)
3154;R247_01;-14.126;4.683;0.000;;165.000;1.650;50;PLANCHER 02 (+00.00m)
3155;R247_02;-12.744;3.789;0.000;;165.000;1.650;50;PLANCHER 02 (+00.00m)
3156;R247_03;-8.354;3.061;0.000;;165.000;1.650;50;PLANCHER 02 (+00.00m)
3157;R247_04;-6.834;3.233;0.000;;165.000;1.650;50;PLANCHER 02 (+00.00m)
3158;R247_05;-8.204;5.310;0.000;;165.000;1.650;50;PLANCHER 02 (+00.00m)
3159;R247_06;-11.223;7.879;0.000;;165.000;1.650;50;PLANCHER 02 (+00.00m)
3160;R247_07;-6.754;0.744;0.000;;165.000;1.650;50;PLANCHER 02 (+00.00m)
3161;R247_08;-7.468;-3.630;0.000;;165.000;1.650;50;PLANCHER 02 (+00.00m)
3162;R247_09;-9.457;-3.203;0.000;;165.000;1.650;50;PLANCHER 02 (+00.00m)
3163;R247_10;-12.384;-4.411;0.000;;165.000;1.650;50;PLANCHER 02 (+00.00m)
3164;R247_11;-10.145;-5.504;0.000;;165.000;1.650;50;PLANCHER 02 (+00.00m)
3165;R247_12;-13.959;-2.834;0.000;;165.000;1.650;50;PLANCHER 02 (+00.00m)
3166;R247_13;-13.010;-6.938;0.000;;165.000;1.650;50;PLANCHER 02 (+00.00m)
3167;R230a_09;-16.441;-6.602;0.000;;165.000;1.650;50;PLANCHER 02 (+00.00m)
3168;R247_14;-14.495;1.514;0.000;;165.000;1.650;50;PLANCHER 02 (+00.00m)
3169;R247_15;-10.622;1.010;0.000;;165.000;1.650;50;PLANCHER 02 (+00.00m)
3170;R247_16;-9.468;-0.775;0.000;;165.000;1.650;50;PLANCHER 02 (+00.00m)
4117;R223_01;6.926;0.509;0.000;;165.000;1.650;50;PLANCHER 02 (+00.00m)
4118;R221_01;9.586;2.166;0.000;;165.000;1.650;50;PLANCHER 02 (+00.00m)
4119;R221_02;11.743;3.522;0.000;;165.000;1.650;50;PLANCHER 02 (+00.00m)
4120;R221_03;14.032;3.851;0.000;;165.000;1.650;50;PLANCHER 02 (+00.00m)
4121;R221_04;13.537;5.834;0.000;;165.000;1.650;50;PLANCHER 02 (+00.00m)
4122;R221_05;12.707;6.414;0.000;;165.000;1.650;50;PLANCHER 02 (+00.00m)
4123;R223_02;5.965;2.716;0.000;;165.000;1.650;50;PLANCHER 02 (+00.00m)
4124;R213_06;4.113;4.704;0.000;;165.000;1.650;50;PLANCHER 02 (+00.00m)
4125;R213_07;0.967;6.574;0.000;;165.000;1.650;50;PLANCHER 02 (+00.00m)
4126;R247_17;-11.541;9.556;0.000;;165.000;1.650;50;PLANCHER 02 (+00.00m)
4127;R211_04;-8.658;8.576;0.000;;165.000;1.650;50;PLANCHER 02 (+00.00m)
4128;R211_05;-6.535;5.970;0.000;;165.000;1.650;50;PLANCHER 02 (+00.00m)
4129;R211_06;-5.533;8.815;0.000;;165.000;1.650;50;PLANCHER 02 (+00.00m)
4130;R211_07;-4.547;7.118;0.000;;165.000;1.650;50;PLANCHER 02 (+00.00m)
4131;R213_08;-3.153;5.651;0.000;;165.000;1.650;50;PLANCHER 02 (+00.00m)
4132;R213_09;-0.621;6.686;0.000;;165.000;1.650;50;PLANCHER 02 (+00.00m)
4133;R213_10;-4.466;3.671;0.000;;165.000;1.650;50;PLANCHER 02 (+00.00m)
4134;R233_01;-5.932;-3.057;0.000;;165.000;1.650;50;PLANCHER 02 (+00.00m)
4135;R233_02;-4.518;-5.042;0.000;;165.000;1.650;50;PLANCHER 02 (+00.00m)
4136;R233_03;-4.108;-5.688;0.000;;165.000;1.650;50;PLANCHER 02 (+00.00m)
4137;R233_04;-3.207;-5.999;0.000;;165.000;1.650;50;PLANCHER 02 (+00.00m)
4138;R231_01;-4.022;-7.264;0.000;;165.000;1.650;50;PLANCHER 02 (+00.00m)
4139;R233_05;-1.554;-6.093;0.000;;165.000;1.650;50;PLANCHER 02 (+00.00m)
4140;R223_03;1.563;-6.241;0.000;;165.000;1.650;50;PLANCHER 02 (+00.00m)
4141;R223_04;4.906;-4.305;0.000;;165.000;1.650;50;PLANCHER 02 (+00.00m)
4142;R223_05;6.460;-1.967;0.000;;165.000;1.650;50;PLANCHER 02 (+00.00m)
4143;R223_06;4.008;-5.769;0.000;;165.000;1.650;50;PLANCHER 02 (+00.00m)
4144;R222_01;12.392;-4.700;0.000;;165.000;1.650;50;PLANCHER 02 (+00.00m)
4145;R222_02;10.322;-3.731;0.000;;165.000;1.650;50;PLANCHER 02 (+00.00m)
4146;R223_07;9.305;-6.267;0.000;;165.000;1.650;50;PLANCHER 02 (+00.00m)
4147;R223_08;12.453;-7.465;0.000;;165.000;1.650;50;PLANCHER 02 (+00.00m)
4148;R233_06;-5.671;-0.349;0.000;;165.000;1.650;50;PLANCHER 02 (+00.00m)
4180;R233_07;-3.626;-5.586;0.000;;165.000;1.650;50;PLANCHER 02 (+00.00m)
4181;R231_02;-3.115;-9.066;0.000;;165.000;1.650;50;PLANCHER 02 (+00.00m)
4182;R231_03;-3.074;-11.226;0.000;;165.000;1.650;50;PLANCHER 02 (+00.00m)
4183;R231_04;-3.029;-13.395;0.000;;165.000;1.650;50;PLANCHER 02 (+00.00m)
4184;R231_05;-5.958;-7.855;0.000;;165.000;1.650;50;PLANCHER 02 (+00.00m)
4185;R231_06;-7.917;-9.218;0.000;;165.000;1.650;50;PLANCHER 02 (+00.00m)
4186;R231_07;-8.756;-10.991;0.000;;165.000;1.650;50;PLANCHER 02 (+00.00m)
4187;R222_03;8.520;-2.866;0.000;;165.000;1.650;50;PLANCHER 02 (+00.00m)
4188;R241_01;12.021;7.604;0.000;;120.000;1.200;50;PLANCHER 02 (+00.00m)
4189;R221_06;14.113;-2.044;0.000;;165.000;1.650;50;PLANCHER 02 (+00.00m)
4190;R221_07;12.833;-2.349;0.000;;165.000;1.650;50;PLANCHER 02 (+00.00m)
1056;R312_01;0.340;13.707;4.000;;165.000;5.650;50;PLANCHER 03 (+04.00m)
1057;R312_02;-0.044;11.403;4.000;;165.000;5.650;50;PLANCHER 03 (+04.00m)
1058;R312_03;-0.566;8.582;4.000;;165.000;5.650;50;PLANCHER 03 (+04.00m)
1059;R312_04;1.232;11.092;4.000;;165.000;5.650;50;PLANCHER 03 (+04.00m)
1060;R313_01;-0.227;6.021;4.000;;165.000;5.650;50;PLANCHER 03 (+04.00m)
1061;R312_05;-3.006;10.185;4.000;;165.000;5.650;50;PLANCHER 03 (+04.00m)
1062;R312_06;-2.673;11.983;4.000;;165.000;5.650;50;PLANCHER 03 (+04.00m)
1063;R311_01;-5.472;12.549;4.000;;165.000;5.650;50;PLANCHER 03 (+04.00m)
1064;R311_02;-8.501;10.866;4.000;;165.000;5.650;50;PLANCHER 03 (+04.00m)
1065;R311_03;-7.774;8.580;4.000;;165.000;5.650;50;PLANCHER 03 (+04.00m)
1066;R313_02;-4.647;5.552;4.000;;165.000;5.650;50;PLANCHER 03 (+04.00m)
1067;R313_03;-2.693;4.879;4.000;;165.000;5.650;50;PLANCHER 03 (+04.00m)
1068;R311_04;-5.578;7.899;4.000;;165.000;5.650;50;PLANCHER 03 (+04.00m)
1069;R313_04;2.544;4.710;4.000;;165.000;5.650;50;PLANCHER 03 (+04.00m)
1070;R313_05;-4.949;2.780;4.000;;165.000;5.650;50;PLANCHER 03 (+04.00m)
2024;R330a_01;-16.136;-7.892;4.000;;165.000;5.650;50;PLANCHER 03 (+04.00m)
2025;R330a_02;-16.708;-2.961;4.000;;165.000;5.650;50;PLANCHER 03 (+04.00m)
2026;R330a_03;-13.678;-9.537;4.000;;165.000;5.650;50;PLANCHER 03 (+04.00m)
2027;R330a_04;-12.874;-11.172;4.000;;165.000;5.650;50;PLANCHER 03 (+04.00m)
2028;R330a_05;-10.971;-12.835;4.000;;165.000;5.650;50;PLANCHER 03 (+04.00m)
2029;R330a_06;-9.466;-13.971;4.000;;165.000;5.650;50;PLANCHER 03 (+04.00m)
2030;R330a_07;-7.267;-15.270;4.000;;165.000;5.650;50;PLANCHER 03 (+04.00m)
2031;R330a_08;-5.865;-15.993;4.000;;165.000;5.650;50;PLANCHER 03 (+04.00m)
2032;R320b_01;-3.819;-16.568;4.000;;165.000;5.650;50;PLANCHER 03 (+04.00m)
2033;R330a_09;-15.461;-4.405;4.000;;165.000;5.650;50;PLANCHER 03 (+04.00m)
2034;R347_01;-13.521;-3.454;4.000;;165.000;5.650;50;PLANCHER 03 (+04.00m)
2035;R320b_02;-0.916;-16.962;4.000;;165.000;5.650;50;PLANCHER 03 (+04.00m)
2036;R320b_03;3.051;-16.530;4.000;;165.000;5.650;50;PLANCHER 03 (+04.00m)
2045;R345_01;3.624;-8.549;4.000;;165.000;5.650;50;PLANCHER 03 (+04.00m)
2046;R345_02;3.733;-11.155;4.000;;165.000;5.650;50;PLANCHER 03 (+04.00m)
2101;R341_01;12.008;6.970;4.000;;165.000;5.650;50;PLANCHER 03 (+04.00m)
2102;R341_02;13.272;6.104;4.000;;165.000;5.650;50;PLANCHER 03 (+04.00m)
2103;R341_03;9.600;5.282;4.000;;165.000;5.650;50;PLANCHER 03 (+04.00m)
2104;R341_04;10.306;8.305;4.000;;165.000;5.650;50;PLANCHER 03 (+04.00m)
2105;R341_05;8.630;9.949;4.000;;165.000;5.650;50;PLANCHER 03 (+04.00m)
2106;R341_06;6.724;8.075;4.000;;165.000;5.650;50;PLANCHER 03 (+04.00m)
2107;R341_07;5.984;4.789;4.000;;165.000;5.650;50;PLANCHER 03 (+04.00m)
2108;R348_01;3.667;7.057;4.000;-0.400;165.000;5.250;50;PLANCHER 03 (+04.00m)
2109;R348_02;4.702;8.519;4.000;-0.400;165.000;5.250;50;PLANCHER 03 (+04.00m)
2111;R346_01;-0.961;-8.447;4.000;;165.000;5.650;50;PLANCHER 03 (+04.00m)
2112;R346_02;0.858;-8.498;4.000;;165.000;5.650;50;PLANCHER 03 (+04.00m)
2113;R346_03;0.681;-11.934;4.000;;165.000;5.650;50;PLANCHER 03 (+04.00m)
2114;R346_04;2.349;-13.475;4.000;;165.000;5.650;50;PLANCHER 03 (+04.00m)
3014;R310a_01;10.845;13.044;4.000;;165.000;5.650;50;PLANCHER 03 (+04.00m)
3015;R310b_01;12.281;11.428;4.000;;165.000;5.650;50;PLANCHER 03 (+04.00m)
3016;R310b_02;13.646;9.579;4.000;;165.000;5.650;50;PLANCHER 03 (+04.00m)
3017;R310b_03;14.993;7.316;4.000;;165.000;5.650;50;PLANCHER 03 (+04.00m)
3018;R310b_04;16.178;4.964;4.000;;165.000;5.650;50;PLANCHER 03 (+04.00m)
3019;R320a_01;17.523;4.002;4.000;;165.000;5.650;50;PLANCHER 03 (+04.00m)
3020;R320a_02;16.567;3.126;4.000;;165.000;5.650;50;PLANCHER 03 (+04.00m)
3021;R320a_03;16.551;1.357;4.000;;165.000;5.650;50;PLANCHER 03 (+04.00m)
3022;R320a_04;16.567;-0.587;4.000;;165.000;5.650;50;PLANCHER 03 (+04.00m)
3023;R320a_05;16.595;-2.099;4.000;;165.000;5.650;50;PLANCHER 03 (+04.00m)
3024;R320a_06;17.616;-3.003;4.000;;165.000;5.650;50;PLANCHER 03 (+04.00m)
3025;R320a_07;16.229;-5.198;4.000;;165.000;5.650;50;PLANCHER 03 (+04.00m)
3026;R320a_08;15.503;-7.312;4.000;;165.000;5.650;50;PLANCHER 03 (+04.00m)
3027;R320a_09;13.492;-8.913;4.000;;165.000;5.650;50;PLANCHER 03 (+04.00m)
3028;R320a_10;12.711;-11.387;4.000;;165.000;5.650;50;PLANCHER 03 (+04.00m)
3029;R320a_11;11.357;-12.840;4.000;;165.000;5.650;50;PLANCHER 03 (+04.00m)
3030;R320a_12;9.085;-14.387;4.000;;165.000;5.650;50;PLANCHER 03 (+04.00m)
3031;R320a_13;6.326;-15.829;4.000;;165.000;5.650;50;PLANCHER 03 (+04.00m)
3110;R310a_02;-6.882;15.406;4.000;;165.000;5.650;50;PLANCHER 03 (+04.00m)
3111;R310a_03;-4.697;16.155;4.000;;165.000;5.650;50;PLANCHER 03 (+04.00m)
3112;R310a_04;-2.792;16.691;4.000;;165.000;5.650;50;PLANCHER 03 (+04.00m)
3113;R310a_05;-0.475;16.915;4.000;;165.000;5.650;50;PLANCHER 03 (+04.00m)
3114;R310a_06;1.572;16.833;4.000;;165.000;5.650;50;PLANCHER 03 (+04.00m)
3115;R310a_07;3.595;16.532;4.000;;165.000;5.650;50;PLANCHER 03 (+04.00m)
3116;R310a_08;5.608;15.906;4.000;;165.000;5.650;50;PLANCHER 03 (+04.00m)
3117;R310a_09;7.314;15.141;4.000;;165.000;5.650;50;PLANCHER 03 (+04.00m)
3118;R310a_10;9.098;14.142;4.000;;165.000;5.650;50;PLANCHER 03 (+04.00m)
3207;R313_06;4.788;-3.700;4.000;;165.000;5.650;50;PLANCHER 03 (+04.00m)
3208;R313_07;2.574;-5.556;4.000;;165.000;5.650;50;PLANCHER 03 (+04.00m)
3209;R313_08;1.135;-5.586;4.000;;165.000;5.650;50;PLANCHER 03 (+04.00m)
3210;R333_01;-1.153;-5.654;4.000;;165.000;5.650;50;PLANCHER 03 (+04.00m)
3211;R333_02;-2.780;-6.993;4.000;;165.000;5.650;50;PLANCHER 03 (+04.00m)
3212;R333_03;-3.826;-5.075;4.000;;165.000;5.650;50;PLANCHER 03 (+04.00m)
3213;R333_04;-5.250;-3.553;4.000;;165.000;5.650;50;PLANCHER 03 (+04.00m)
3214;R333_05;-5.072;-1.081;4.000;;165.000;5.650;50;PLANCHER 03 (+04.00m)
3215;R333_06;-5.072;0.481;4.000;;165.000;5.650;50;PLANCHER 03 (+04.00m)
3216;R331_01;-3.511;-8.710;4.000;;165.000;5.650;50;PLANCHER 03 (+04.00m)
3217;R331_02;-3.140;-10.224;4.000;;165.000;5.650;50;PLANCHER 03 (+04.00m)
3218;R331_03;-3.325;-13.171;4.000;;165.000;5.650;50;PLANCHER 03 (+04.00m)
3219;R331_04;-5.025;-11.578;4.000;;165.000;5.650;50;PLANCHER 03 (+04.00m)
3220;R331_05;-6.932;-10.214;4.000;;165.000;5.650;50;PLANCHER 03 (+04.00m)
3221;R331_06;-7.982;-11.294;4.000;;165.000;5.650;50;PLANCHER 03 (+04.00m)
3222;R332_01;-10.349;-9.387;4.000;;165.000;5.650;50;PLANCHER 03 (+04.00m)
3223;R332_02;-10.517;-7.596;4.000;;165.000;5.650;50;PLANCHER 03 (+04.00m)
3224;R332_03;-11.986;-6.998;4.000;;165.000;5.650;50;PLANCHER 03 (+04.00m)
3225;R332_04;-9.058;-5.508;4.000;;165.000;5.650;50;PLANCHER 03 (+04.00m)
3226;R332_05;-7.710;-7.798;4.000;;165.000;5.650;50;PLANCHER 03 (+04.00m)
3227;R332_06;-6.852;-4.749;4.000;;165.000;5.650;50;PLANCHER 03 (+04.00m)
3228;R322_01;13.299;-4.191;4.000;;165.000;5.650;50;PLANCHER 03 (+04.00m)
3229;R322_02;12.292;-5.773;4.000;;165.000;5.650;50;PLANCHER 03 (+04.00m)
3230;R322_03;12.073;-7.013;4.000;;165.000;5.650;50;PLANCHER 03 (+04.00m)
3231;R322_04;11.734;-7.309;4.000;;165.000;5.650;50;PLANCHER 03 (+04.00m)
3232;R322_05;9.208;-5.134;4.000;;165.000;5.650;50;PLANCHER 03 (+04.00m)
3233;R322_06;6.960;-3.261;4.000;;165.000;5.650;50;PLANCHER 03 (+04.00m)
4015;R330b_01;-15.841;7.403;4.000;-2.000;165.000;3.650;50;PLANCHER 03 (+04.00m)
4016;R330b_02;-13.338;10.919;4.000;;165.000;5.650;50;PLANCHER 03 (+04.00m)
4017;R310a_11;-11.625;12.966;4.000;;165.000;5.650;50;PLANCHER 03 (+04.00m)
4018;R310a_12;-8.910;14.266;4.000;;165.000;5.650;50;PLANCHER 03 (+04.00m)
4019;R330b_03;-14.107;7.188;4.000;;165.000;5.650;50;PLANCHER 03 (+04.00m)
4114;R347_02;-6.454;0.673;4.000;;165.000;5.650;50;PLANCHER 03 (+04.00m)
4115;R347_03;-8.249;-0.879;4.000;;165.000;5.650;50;PLANCHER 03 (+04.00m)
4116;R347_04;-10.503;-2.454;4.000;;165.000;5.650;50;PLANCHER 03 (+04.00m)
4217;R313_09;4.173;3.269;4.000;;165.000;5.650;50;PLANCHER 03 (+04.00m)
4218;R313_10;6.215;-0.048;4.000;;165.000;5.650;50;PLANCHER 03 (+04.00m)
4219;R321_01;8.512;1.823;4.000;;165.000;5.650;50;PLANCHER 03 (+04.00m)
4220;R321_02;10.565;-0.426;4.000;;165.000;5.650;50;PLANCHER 03 (+04.00m)
4221;R321_03;12.896;-0.881;4.000;;165.000;5.650;50;PLANCHER 03 (+04.00m)
4222;R321_04;13.464;1.421;4.000;;165.000;5.650;50;PLANCHER 03 (+04.00m)
4223;R321_05;10.736;2.274;4.000;;165.000;5.650;50;PLANCHER 03 (+04.00m)
4227;R322_07;9.483;-2.675;4.000;;165.000;5.650;50;PLANCHER 03 (+04.00m)
4228;R322_08;11.377;-3.779;4.000;;165.000;5.650;50;PLANCHER 03 (+04.00m)
4097;R312_07;-3.223;13.365;4.000;;165.000;5.650;50;PLANCHER 03 (+04.00m)
2001;R441_01;6.818;8.173;8.000;;165.000;9.650;50;PLANCHER 04 (+08.00m)
2002;R448_01;4.705;8.284;8.000;;165.000;9.650;50;PLANCHER 04 (+08.00m)
2003;R448_02;3.196;10.477;8.000;;165.000;9.650;50;PLANCHER 04 (+08.00m)
2004;R448_03;2.997;13.278;8.000;;165.000;9.650;50;PLANCHER 04 (+08.00m)
2005;R448_04;7.556;11.912;8.000;;165.000;9.650;50;PLANCHER 04 (+08.00m)
2006;R448_05;6.303;10.408;8.000;;165.000;9.650;50;PLANCHER 04 (+08.00m)
2007;R448_06;3.444;7.409;8.000;;165.000;9.650;50;PLANCHER 04 (+08.00m)
2008;R447_01;-10.500;9.434;8.000;;165.000;9.650;50;PLANCHER 04 (+08.00m)
2014;R430a_01;-15.851;-3.086;8.000;;165.000;9.650;50;PLANCHER 04 (+08.00m)
2015;R430a_02;-14.129;-9.360;8.000;;165.000;9.650;50;PLANCHER 04 (+08.00m)
2016;R430a_03;-12.661;-11.142;8.000;;165.000;9.650;50;PLANCHER 04 (+08.00m)
2017;R430a_04;-11.042;-12.687;8.000;;165.000;9.650;50;PLANCHER 04 (+08.00m)
2018;R430a_05;-9.109;-14.467;8.000;;165.000;9.650;50;PLANCHER 04 (+08.00m)
2019;R430a_06;-6.823;-15.188;8.000;;165.000;9.650;50;PLANCHER 04 (+08.00m)
2020;R430a_07;-5.726;-16.817;8.000;;165.000;9.650;50;PLANCHER 04 (+08.00m)
2021;R430a_08;-15.984;-7.679;8.000;;165.000;9.650;50;PLANCHER 04 (+08.00m)
2022;R430a_09;-16.574;-3.769;8.000;-2.000;165.000;7.650;50;PLANCHER 04 (+08.00m)
2023;R430a_10;-17.629;-4.137;8.000;-2.000;165.000;7.650;50;PLANCHER 04 (+08.00m)
2047;R432_01;-9.882;-8.986;8.000;;165.000;9.650;50;PLANCHER 04 (+08.00m)
2048;R432_02;-11.947;-6.209;8.000;;165.000;9.650;50;PLANCHER 04 (+08.00m)
2049;R432_03;-9.431;-6.398;8.000;;165.000;9.650;50;PLANCHER 04 (+08.00m)
2050;R432_04;-8.683;-3.859;8.000;;165.000;9.650;50;PLANCHER 04 (+08.00m)
2051;R432_05;-7.379;-2.899;8.000;;165.000;9.650;50;PLANCHER 04 (+08.00m)
2052;R433_01;-5.410;-2.583;8.000;;100.000;9.000;50;PLANCHER 04 (+08.00m)
2053;R432_06;-5.485;-6.317;8.000;;165.000;9.650;50;PLANCHER 04 (+08.00m)
2054;R433_02;-4.909;-4.478;8.000;;100.000;9.000;50;PLANCHER 04 (+08.00m)
2055;R433_03;-2.996;-4.682;8.000;;100.000;9.000;50;PLANCHER 04 (+08.00m)
2086;R433_04;-3.089;-6.744;8.000;;100.000;9.000;50;PLANCHER 04 (+08.00m)
2087;R431_01;-7.857;-10.673;8.000;;100.000;9.000;50;PLANCHER 04 (+08.00m)
2088;R431_02;-6.398;-12.141;8.000;;100.000;9.000;50;PLANCHER 04 (+08.00m)
2089;R431_03;-4.457;-12.326;8.000;;100.000;9.000;50;PLANCHER 04 (+08.00m)
2090;R431_04;-4.397;-8.794;8.000;;100.000;9.000;50;PLANCHER 04 (+08.00m)
2091;R422_01;12.713;-4.017;8.000;;165.000;9.650;50;PLANCHER 04 (+08.00m)
2092;R422_02;11.152;-7.064;8.000;;165.000;9.650;50;PLANCHER 04 (+08.00m)
2093;R422_03;9.991;-4.975;8.000;;100.000;9.000;50;PLANCHER 04 (+08.00m)
2094;R422_04;6.769;-5.121;8.000;;165.000;9.650;50;PLANCHER 04 (+08.00m)
2095;R423_01;4.247;-4.454;8.000;;100.000;9.000;50;PLANCHER 04 (+08.00m)
2096;R423_02;1.726;-4.829;8.000;;100.000;9.000;50;PLANCHER 04 (+08.00m)
2097;R422_05;8.366;-2.246;8.000;;165.000;9.650;50;PLANCHER 04 (+08.00m)
2098;R423_03;5.788;-1.301;8.000;;100.000;9.000;50;PLANCHER 04 (+08.00m)
2099;R423_04;5.387;1.148;8.000;;100.000;9.000;50;PLANCHER 04 (+08.00m)
2100;R423_05;7.745;0.996;8.000;;100.000;9.000;50;PLANCHER 04 (+08.00m)
2110;R430a_11;-4.382;-15.164;8.000;;165.000;9.650;50;PLANCHER 04 (+08.00m)
3001;R420a_01;14.636;-7.052;8.000;;165.000;9.650;50;PLANCHER 04 (+08.00m)
3002;R420a_02;15.313;-5.578;8.000;;165.000;9.650;50;PLANCHER 04 (+08.00m)
3003;R420a_03;17.427;-4.463;8.000;;165.000;9.650;50;PLANCHER 04 (+08.00m)
3004;R420a_04;13.917;-8.612;8.000;;165.000;9.650;50;PLANCHER 04 (+08.00m)
3005;R420a_05;16.671;-7.103;8.000;;165.000;9.650;50;PLANCHER 04 (+08.00m)
3006;R420a_06;16.381;-2.661;8.000;;165.000;9.650;50;PLANCHER 04 (+08.00m)
3007;R420a_07;16.649;-0.141;8.000;;165.000;9.650;50;PLANCHER 04 (+08.00m)
3008;R420a_08;16.359;1.944;8.000;;165.000;9.650;50;PLANCHER 04 (+08.00m)
3009;R420a_09;17.408;3.905;8.000;;165.000;9.650;50;PLANCHER 04 (+08.00m)
3010;R410b_01;15.657;5.269;8.000;;165.000;9.650;50;PLANCHER 04 (+08.00m)
3011;R410b_02;14.255;7.701;8.000;;165.000;9.650;50;PLANCHER 04 (+08.00m)
3012;R410b_03;13.680;9.883;8.000;;165.000;9.650;50;PLANCHER 04 (+08.00m)
3013;R410b_04;11.496;11.676;8.000;;165.000;9.650;50;PLANCHER 04 (+08.00m)
3041;R441_02;9.787;4.495;8.000;;165.000;9.650;50;PLANCHER 04 (+08.00m)
3042;R441_03;8.201;4.486;8.000;;165.000;9.650;50;PLANCHER 04 (+08.00m)
3043;R441_04;5.682;5.088;8.000;;165.000;9.650;50;PLANCHER 04 (+08.00m)
3044;R441_05;7.549;7.407;8.000;;165.000;9.650;50;PLANCHER 04 (+08.00m)
3045;R441_06;10.007;6.584;8.000;;165.000;9.650;50;PLANCHER 04 (+08.00m)
3046;R441_07;12.609;6.618;8.000;;165.000;9.650;50;PLANCHER 04 (+08.00m)
3047;R441_08;11.377;8.451;8.000;;165.000;9.650;50;PLANCHER 04 (+08.00m)
3048;R441_09;13.859;5.608;8.000;;165.000;9.650;50;PLANCHER 04 (+08.00m)
4001;R430b_01;-13.480;10.423;8.000;;165.000;9.650;50;PLANCHER 04 (+08.00m)
4002;R430b_02;-14.976;6.111;8.000;;165.000;9.650;50;PLANCHER 04 (+08.00m)
4003;R430b_03;-15.859;7.401;8.000;-2.000;165.000;7.650;50;PLANCHER 04 (+08.00m)
4004;R410a_01;-11.641;12.306;8.000;;165.000;9.650;50;PLANCHER 04 (+08.00m)
4005;R410a_02;-10.536;14.581;8.000;;165.000;9.650;50;PLANCHER 04 (+08.00m)
4006;R410a_03;-7.918;14.422;8.000;;165.000;9.650;50;PLANCHER 04 (+08.00m)
4007;R410a_04;-5.254;15.367;8.000;;165.000;9.650;50;PLANCHER 04 (+08.00m)
4008;R410a_05;-3.478;17.596;8.000;;165.000;9.650;50;PLANCHER 04 (+08.00m)
4009;R410a_06;-1.160;16.416;8.000;;120.000;9.200;50;PLANCHER 04 (+08.00m)
4010;R410a_07;1.507;16.966;8.000;;120.000;9.200;50;PLANCHER 04 (+08.00m)
4011;R410a_08;3.547;16.369;8.000;;120.000;9.200;50;PLANCHER 04 (+08.00m)
4012;R410a_09;6.690;15.561;8.000;;120.000;9.200;50;PLANCHER 04 (+08.00m)
4013;R410a_10;9.014;13.122;8.000;;165.000;9.650;50;PLANCHER 04 (+08.00m)
4014;R410a_11;11.057;13.968;8.000;;165.000;9.650;50;PLANCHER 04 (+08.00m)
4034;R413_01;-6.059;6.354;8.000;;165.000;9.650;50;PLANCHER 04 (+08.00m)
4035;R413_02;-4.887;6.474;8.000;;20.000;8.200;50;PLANCHER 04 (+08.00m)
4036;R411_01;-5.155;7.560;8.000;;100.000;9.000;50;PLANCHER 04 (+08.00m)
4037;R411_02;-5.420;8.482;8.000;;120.000;9.200;50;PLANCHER 04 (+08.00m)
4038;R411_03;-7.345;7.283;8.000;;120.000;9.200;50;PLANCHER 04 (+08.00m)
4039;R413_03;-5.404;4.082;8.000;;165.000;9.650;50;PLANCHER 04 (+08.00m)
4091;SAP_01;16.678;8.649;8.000;;165.000;9.650;50;PLANCHER 04 (+08.00m)
4092;SAP_02;19.106;9.942;8.000;;165.000;9.650;50;PLANCHER 04 (+08.00m)
4093;R420a_10;17.822;0.440;8.000;-1.500;165.000;8.150;50;PLANCHER 04 (+08.00m)
4094;R411_04;-5.500;12.377;8.000;;120.000;9.200;50;PLANCHER 04 (+08.00m)
4095;R411_05;-8.717;10.723;8.000;;120.000;9.200;50;PLANCHER 04 (+08.00m)
4096;R411_06;-8.687;9.622;8.000;;120.000;9.200;50;PLANCHER 04 (+08.00m)
4098;R412_01;-1.175;13.275;8.000;;165.000;9.650;50;PLANCHER 04 (+08.00m)
4099;R412_02;-2.845;12.199;8.000;;165.000;9.650;50;PLANCHER 04 (+08.00m)
4100;R412_03;0.883;12.268;8.000;;165.000;9.650;50;PLANCHER 04 (+08.00m)
4101;R412_04;-0.968;11.020;8.000;;40.000;8.400;50;PLANCHER 04 (+08.00m)
4102;R412_05;1.233;8.644;8.000;;165.000;9.650;50;PLANCHER 04 (+08.00m)
4103;R413_04;1.068;6.450;8.000;;165.000;9.650;50;PLANCHER 04 (+08.00m)
4104;R412_06;-1.592;8.459;8.000;;100.000;9.000;50;PLANCHER 04 (+08.00m)
4105;R412_07;-2.707;8.789;8.000;;165.000;9.650;50;PLANCHER 04 (+08.00m)
4106;R413_05;-3.272;4.737;8.000;;165.000;9.650;50;PLANCHER 04 (+08.00m)
4107;R413_06;-1.806;6.338;8.000;;100.000;9.000;50;PLANCHER 04 (+08.00m)
4224;R421_01;13.062;-0.732;8.000;;165.000;9.650;50;PLANCHER 04 (+08.00m)
4225;R421_02;13.976;1.277;8.000;;165.000;9.650;50;PLANCHER 04 (+08.00m)
4226;R421_03;13.397;2.546;8.000;;165.000;9.650;50;PLANCHER 04 (+08.00m)
4235;R433_05;-0.615;-5.387;8.000;;100.000;9.000;50;PLANCHER 04 (+08.00m)
4234;R422_06;7.053;-3.261;8.000;;165.000;9.650;50;PLANCHER 04 (+08.00m)
2009;R511_01;-8.427;10.404;11.000;-0.600;165.000;12.050;50;PLANCHER 05 (+11.00m)
2010;R511_02;-5.326;12.136;11.000;-0.600;165.000;12.050;50;PLANCHER 05 (+11.00m)
2011;R511_03;-4.795;8.803;11.000;-0.600;165.000;12.050;50;PLANCHER 05 (+11.00m)
2012;R511_04;-7.024;8.169;11.000;-0.600;165.000;12.050;50;PLANCHER 05 (+11.00m)
2013;R511_05;-4.471;5.564;11.000;-0.100;165.000;12.550;50;PLANCHER 05 (+11.00m)
2037;R531_01;-5.257;-12.671;11.000;-0.600;165.000;12.050;50;PLANCHER 05 (+11.00m)
2038;R531_02;-7.906;-10.798;11.000;-0.600;165.000;12.050;50;PLANCHER 05 (+11.00m)
2039;R531_03;-5.138;-8.773;11.000;-0.600;165.000;12.050;50;PLANCHER 05 (+11.00m)
2040;R531_04;-3.559;-10.829;11.000;-0.600;165.000;12.050;50;PLANCHER 05 (+11.00m)
2041;R531_05;-3.634;-7.146;11.000;;165.000;12.650;50;PLANCHER 05 (+11.00m)
2042;R531_06;-4.710;-7.873;11.000;;165.000;12.650;50;PLANCHER 05 (+11.00m)
2043;R531_07;-8.768;-10.748;11.000;;165.000;12.650;50;PLANCHER 05 (+11.00m)
2044;R531_08;-5.555;-12.862;11.000;;165.000;12.650;50;PLANCHER 05 (+11.00m)
3032;R521_01;13.303;2.306;11.000;-0.600;165.000;12.050;50;PLANCHER 05 (+11.00m)
3033;R521_02;13.829;0.412;11.000;-0.600;165.000;12.050;50;PLANCHER 05 (+11.00m)
3034;R521_03;13.408;-1.429;11.000;-0.600;165.000;12.050;50;PLANCHER 05 (+11.00m)
3035;R521_04;10.383;-0.141;11.000;-0.600;165.000;12.050;50;PLANCHER 05 (+11.00m)
3036;R521_05;11.102;2.339;11.000;-0.600;165.000;12.050;50;PLANCHER 05 (+11.00m)
3037;R521_06;9.796;2.716;11.000;-1.100;165.000;11.550;50;PLANCHER 05 (+11.00m)
3038;R521_07;9.032;2.316;11.000;-1.100;165.000;11.550;50;PLANCHER 05 (+11.00m)
3039;R521_08;7.469;2.425;11.000;-1.100;165.000;11.550;50;PLANCHER 05 (+11.00m)
3040;R521_09;7.381;2.542;11.000;;165.000;12.650;50;PLANCHER 05 (+11.00m)
3049;R510a_01;1.991;17.927;11.000;;165.000;12.650;50;PLANCHER 05 (+11.00m)
3050;R510a_02;-0.143;16.981;11.000;;165.000;12.650;50;PLANCHER 05 (+11.00m)
3051;R510a_03;-2.138;17.724;11.000;;80.000;11.800;50;PLANCHER 05 (+11.00m)
3052;R510a_04;-3.455;17.685;11.000;;165.000;12.650;50;PLANCHER 05 (+11.00m)
3053;R510a_05;-4.401;16.497;11.000;;165.000;12.650;50;PLANCHER 05 (+11.00m)
3054;R510a_06;-6.118;16.799;11.000;;80.000;11.800;50;PLANCHER 05 (+11.00m)
3055;R510a_07;-7.895;16.161;11.000;;165.000;12.650;50;PLANCHER 05 (+11.00m)
3056;R510a_08;-8.028;14.940;11.000;;165.000;12.650;50;PLANCHER 05 (+11.00m)
3057;R510a_09;-9.926;14.903;11.000;;80.000;11.800;50;PLANCHER 05 (+11.00m)
3058;R510a_10;-10.856;14.287;11.000;;165.000;12.650;50;PLANCHER 05 (+11.00m)
3059;R510a_11;-12.198;13.199;11.000;;165.000;12.650;50;PLANCHER 05 (+11.00m)
3060;R530b_01;-11.983;11.447;11.000;;165.000;12.650;50;PLANCHER 05 (+11.00m)
3061;R530b_02;-12.790;9.898;11.000;;165.000;12.650;50;PLANCHER 05 (+11.00m)
3062;R530b_03;-14.414;10.884;11.000;;165.000;12.650;50;PLANCHER 05 (+11.00m)
3064;R530a_01;-16.288;-7.680;11.000;;165.000;12.650;50;PLANCHER 05 (+11.00m)
3065;R530a_02;-14.487;-7.064;11.000;;165.000;12.650;50;PLANCHER 05 (+11.00m)
3066;R530a_03;-14.004;-8.727;11.000;;165.000;12.650;50;PLANCHER 05 (+11.00m)
3067;R530a_04;-12.470;-10.793;11.000;;165.000;12.650;50;PLANCHER 05 (+11.00m)
3068;R530a_05;-10.394;-12.641;11.000;;165.000;12.650;50;PLANCHER 05 (+11.00m)
3069;R530a_06;-7.422;-14.557;11.000;;165.000;12.650;50;PLANCHER 05 (+11.00m)
3070;R530a_07;-5.029;-17.054;11.000;;165.000;12.650;50;PLANCHER 05 (+11.00m)
3071;R530a_08;-16.530;-3.729;11.000;-1.000;165.000;11.650;50;PLANCHER 05 (+11.00m)
3072;R530a_09;-17.616;-4.130;11.000;-1.000;165.000;11.650;50;PLANCHER 05 (+11.00m)
3073;R530b_04;-15.403;7.114;11.000;-1.000;165.000;11.650;50;PLANCHER 05 (+11.00m)
3074;R530b_05;-16.299;7.612;11.000;-1.000;165.000;11.650;50;PLANCHER 05 (+11.00m)
3104;R510a_12;3.104;16.680;11.000;;165.000;12.650;50;PLANCHER 05 (+11.00m)
3105;R510a_13;5.235;16.770;11.000;;165.000;12.650;50;PLANCHER 05 (+11.00m)
3106;R510a_14;5.632;14.977;11.000;;165.000;12.650;50;PLANCHER 05 (+11.00m)
3107;R510a_15;6.852;15.851;11.000;;165.000;12.650;50;PLANCHER 05 (+11.00m)
3108;R510a_16;7.564;14.170;11.000;;165.000;12.650;50;PLANCHER 05 (+11.00m)
3109;R510a_17;9.290;14.775;11.000;;165.000;12.650;50;PLANCHER 05 (+11.00m)
4040;R541_01;3.308;6.074;11.000;;165.000;12.650;50;PLANCHER 05 (+11.00m)
4041;R548_01;3.119;9.119;11.000;;165.000;12.650;50;PLANCHER 05 (+11.00m)
4042;R548_02;3.037;11.144;11.000;;165.000;12.650;50;PLANCHER 05 (+11.00m)
4043;R548_03;4.638;8.759;11.000;;165.000;12.650;50;PLANCHER 05 (+11.00m)
4044;R548_04;6.304;10.474;11.000;;165.000;12.650;50;PLANCHER 05 (+11.00m)
4045;R548_05;5.128;12.614;11.000;;165.000;12.650;50;PLANCHER 05 (+11.00m)
4046;R548_06;3.250;13.251;11.000;;165.000;12.650;50;PLANCHER 05 (+11.00m)
4047;R548_07;7.872;11.871;11.000;;165.000;12.650;50;PLANCHER 05 (+11.00m)
4048;R541_02;4.198;4.804;11.000;;165.000;12.650;50;PLANCHER 05 (+11.00m)
4049;R541_03;5.757;6.071;11.000;;165.000;12.650;50;PLANCHER 05 (+11.00m)
4050;R541_04;8.133;6.168;11.000;;165.000;12.650;50;PLANCHER 05 (+11.00m)
4051;R541_05;10.803;6.246;11.000;;165.000;12.650;50;PLANCHER 05 (+11.00m)
4052;R541_06;13.783;5.739;11.000;;165.000;12.650;50;PLANCHER 05 (+11.00m)
4053;R541_07;6.509;4.500;11.000;;165.000;12.650;50;PLANCHER 05 (+11.00m)
4054;R541_08;7.956;4.533;11.000;;165.000;12.650;50;PLANCHER 05 (+11.00m)
4055;R510b_01;16.134;6.237;11.000;;165.000;12.650;50;PLANCHER 05 (+11.00m)
4056;R510b_02;14.418;7.332;11.000;;165.000;12.650;50;PLANCHER 05 (+11.00m)
4057;R510b_03;12.626;10.242;11.000;;165.000;12.650;50;PLANCHER 05 (+11.00m)
4058;R510a_18;10.338;12.329;11.000;;165.000;12.650;50;PLANCHER 05 (+11.00m)
4059;R510a_19;11.022;13.360;11.000;;165.000;12.650;50;PLANCHER 05 (+11.00m)
4060;R510a_20;11.314;13.148;11.000;;165.000;12.650;50;PLANCHER 05 (+11.00m)
4061;R510b_04;12.480;11.832;11.000;;165.000;12.650;50;PLANCHER 05 (+11.00m)
4062;R510b_05;14.048;9.897;11.000;;165.000;12.650;50;PLANCHER 05 (+11.00m)
4063;R510b_06;15.375;8.017;11.000;;165.000;12.650;50;PLANCHER 05 (+11.00m)
4064;R510b_07;17.299;5.100;11.000;;165.000;12.650;50;PLANCHER 05 (+11.00m)
4065;R520a_01;16.134;3.736;11.000;;165.000;12.650;50;PLANCHER 05 (+11.00m)
4077;R520a_02;17.578;3.357;11.000;;165.000;12.650;50;PLANCHER 05 (+11.00m)
4078;R520a_03;16.398;1.960;11.000;;165.000;12.650;50;PLANCHER 05 (+11.00m)
4079;R520a_04;17.543;-3.132;11.000;;165.000;12.650;50;PLANCHER 05 (+11.00m)
4080;R520a_05;16.537;-0.800;11.000;;165.000;12.650;50;PLANCHER 05 (+11.00m)
4081;R520a_06;17.903;0.352;11.000;;165.000;12.650;50;PLANCHER 05 (+11.00m)
4082;R520a_07;15.739;-4.332;11.000;;165.000;12.650;50;PLANCHER 05 (+11.00m)
4083;R520a_08;14.589;-7.235;11.000;;165.000;12.650;50;PLANCHER 05 (+11.00m)
4084;R520a_09;12.682;-10.063;11.000;;165.000;12.650;50;PLANCHER 05 (+11.00m)
4085;R520a_10;9.809;-13.003;11.000;;165.000;12.650;50;PLANCHER 05 (+11.00m)
4086;R520a_11;5.914;-15.061;11.000;;165.000;12.650;50;PLANCHER 05 (+11.00m)
4087;R520a_12;5.767;-16.923;11.000;;165.000;12.650;50;PLANCHER 05 (+11.00m)
4088;R520b_01;3.278;-17.653;11.000;;165.000;12.650;50;PLANCHER 05 (+11.00m)
4089;R520b_02;0.052;-17.972;11.000;;165.000;12.650;50;PLANCHER 05 (+11.00m)
4090;R520b_03;-2.670;-17.605;11.000;;165.000;12.650;50;PLANCHER 05 (+11.00m)
4108;R512_01;0.419;6.372;11.000;;165.000;12.650;50;PLANCHER 05 (+11.00m)
4109;R512_02;1.159;8.305;11.000;;165.000;12.650;50;PLANCHER 05 (+11.00m)
4110;R512_03;-2.562;8.545;11.000;;165.000;12.650;50;PLANCHER 05 (+11.00m)
4111;R512_04;0.482;13.696;11.000;;165.000;12.650;50;PLANCHER 05 (+11.00m)
4112;R512_05;0.735;12.534;11.000;;165.000;12.650;50;PLANCHER 05 (+11.00m)
4113;R512_06;-2.938;12.290;11.000;;165.000;12.650;50;PLANCHER 05 (+11.00m)
4229;R522_01;11.706;-7.290;11.000;;165.000;12.650;50;PLANCHER 05 (+11.00m)
4230;R522_02;10.692;-6.955;11.000;;165.000;12.650;50;PLANCHER 05 (+11.00m)
4231;R522_03;12.154;-3.646;11.000;;165.000;12.650;50;PLANCHER 05 (+11.00m)
4232;R522_04;8.280;-2.296;11.000;;165.000;12.650;50;PLANCHER 05 (+11.00m)
4233;R522_05;7.360;-5.145;11.000;;165.000;12.650;50;PLANCHER 05 (+11.00m)
2287;R532_01;-10.231;-8.727;11.000;;165.000;12.650;50;PLANCHER 05 (+11.00m)
4020;R511_06;-6.761;7.173;11.000;2.600;165.000;15.250;50;PLANCHER 05 (+11.00m)
4021;R511_07;-4.543;7.182;11.000;2.600;165.000;15.250;50;PLANCHER 05 (+11.00m)
4022;R511_08;-4.719;8.446;11.000;2.600;165.000;15.250;50;PLANCHER 05 (+11.00m)
4023;R511_09;-5.135;12.971;11.000;2.600;165.000;15.250;50;PLANCHER 05 (+11.00m)
4024;R511_10;-9.077;10.735;11.000;2.600;165.000;15.250;50;PLANCHER 05 (+11.00m)
1081;R622_03;7.861;-5.768;16.000;;165.000;17.650;50;PLANCHER 06 (+16.00m)
1082;R622_04;11.040;-6.783;16.000;;165.000;17.650;50;PLANCHER 06 (+16.00m)
1083;R622_05;12.346;-3.636;16.000;;165.000;17.650;50;PLANCHER 06 (+16.00m)
1084;R622_06;8.540;-2.571;16.000;;165.000;17.650;50;PLANCHER 06 (+16.00m)
1085;R622_07;10.459;-2.160;16.000;;165.000;17.650;50;PLANCHER 06 (+16.00m)
2056;R630a_01;-14.528;-7.234;16.000;;165.000;17.650;50;PLANCHER 06 (+16.00m)
2057;R630a_02;-12.799;-9.755;16.000;;165.000;17.650;50;PLANCHER 06 (+16.00m)
2058;R630a_03;-10.642;-12.141;16.000;;165.000;17.650;50;PLANCHER 06 (+16.00m)
2059;R630a_04;-8.572;-13.867;16.000;;165.000;17.650;50;PLANCHER 06 (+16.00m)
2060;R630a_05;-6.099;-15.333;16.000;;165.000;17.650;50;PLANCHER 06 (+16.00m)
2061;R630a_06;-4.694;-17.249;16.000;;165.000;17.650;50;PLANCHER 06 (+16.00m)
2062;R620b_01;-2.390;-17.761;16.000;;165.000;17.650;50;PLANCHER 06 (+16.00m)
2063;R620b_02;1.286;-17.910;16.000;;165.000;17.650;50;PLANCHER 06 (+16.00m)
2064;R620a_01;5.574;-17.185;16.000;;165.000;17.650;50;PLANCHER 06 (+16.00m)
2065;R620a_02;8.279;-14.254;16.000;;165.000;17.650;50;PLANCHER 06 (+16.00m)
2066;R620a_03;10.268;-12.855;16.000;;165.000;17.650;50;PLANCHER 06 (+16.00m)
2067;R620a_04;12.404;-10.652;16.000;;165.000;17.650;50;PLANCHER 06 (+16.00m)
2068;R620a_05;14.525;-7.219;16.000;;165.000;17.650;50;PLANCHER 06 (+16.00m)
2069;R620a_06;16.274;-3.607;16.000;;165.000;17.650;50;PLANCHER 06 (+16.00m)
2070;R610a_01;1.972;16.249;16.000;;165.000;17.650;50;PLANCHER 06 (+16.00m)
2071;R610a_02;1.966;17.671;16.000;;165.000;17.650;50;PLANCHER 06 (+16.00m)
2072;R610a_03;-0.208;17.912;16.000;;165.000;17.650;50;PLANCHER 06 (+16.00m)
2073;R610a_04;-2.427;17.761;16.000;;165.000;17.650;50;PLANCHER 06 (+16.00m)
2074;R610a_05;-4.133;17.504;16.000;;165.000;17.650;50;PLANCHER 06 (+16.00m)
2075;R610a_06;-6.523;16.728;16.000;;165.000;17.650;50;PLANCHER 06 (+16.00m)
2076;R610a_07;-8.328;15.938;16.000;;165.000;17.650;50;PLANCHER 06 (+16.00m)
2077;R610a_08;-10.669;14.461;16.000;;165.000;17.650;50;PLANCHER 06 (+16.00m)
2078;R610a_09;-11.594;13.835;16.000;;165.000;17.650;50;PLANCHER 06 (+16.00m)
2079;R610a_10;-12.415;13.060;16.000;;165.000;17.650;50;PLANCHER 06 (+16.00m)
2080;R630b_01;-12.725;10.742;16.000;;165.000;17.650;50;PLANCHER 06 (+16.00m)
2081;R630b_02;-14.301;10.947;16.000;;165.000;17.650;50;PLANCHER 06 (+16.00m)
2082;R630b_03;-12.246;10.465;16.000;;40.000;16.400;50;PLANCHER 06 (+16.00m)
2131;R610a_11;4.640;16.534;16.000;;165.000;17.650;50;PLANCHER 06 (+16.00m)
2132;R610a_12;7.798;16.221;16.000;;165.000;17.650;50;PLANCHER 06 (+16.00m)
2133;R610a_13;8.701;14.174;16.000;;165.000;17.650;50;PLANCHER 06 (+16.00m)
2134;R610a_14;10.436;12.647;16.000;;165.000;17.650;50;PLANCHER 06 (+16.00m)
2135;R610b_01;11.408;11.328;16.000;;165.000;17.650;50;PLANCHER 06 (+16.00m)
2136;R610b_02;12.726;9.836;16.000;;165.000;17.650;50;PLANCHER 06 (+16.00m)
2137;R610b_03;14.776;8.167;16.000;;165.000;17.650;50;PLANCHER 06 (+16.00m)
2138;R610b_04;15.159;5.794;16.000;;165.000;17.650;50;PLANCHER 06 (+16.00m)
2139;R620a_07;17.543;3.774;16.000;;165.000;17.650;50;PLANCHER 06 (+16.00m)
2140;R620a_08;16.573;0.258;16.000;;165.000;17.650;50;PLANCHER 06 (+16.00m)
2141;R620a_09;17.623;-3.095;16.000;;165.000;17.650;50;PLANCHER 06 (+16.00m)
2142;R620a_10;17.900;0.379;16.000;;165.000;17.650;50;PLANCHER 06 (+16.00m)
2143;R623_01;6.374;2.468;16.000;;165.000;17.650;50;PLANCHER 06 (+16.00m)
2144;R623_02;8.608;2.468;16.000;;165.000;17.650;50;PLANCHER 06 (+16.00m)
2145;R641_01;11.055;8.968;16.000;;165.000;17.650;50;PLANCHER 06 (+16.00m)
2146;R641_02;9.611;7.614;16.000;;165.000;17.650;50;PLANCHER 06 (+16.00m)
2147;R641_03;8.107;6.260;16.000;;165.000;17.650;50;PLANCHER 06 (+16.00m)
2148;R641_04;9.521;4.455;16.000;;165.000;17.650;50;PLANCHER 06 (+16.00m)
2149;R641_05;10.815;4.485;16.000;;165.000;17.650;50;PLANCHER 06 (+16.00m)
2150;R641_06;10.724;6.441;16.000;;165.000;17.650;50;PLANCHER 06 (+16.00m)
2151;R641_07;13.200;6.436;16.000;;165.000;17.650;50;PLANCHER 06 (+16.00m)
3063;R630b_04;-16.309;7.668;16.000;-2.000;165.000;15.650;50;PLANCHER 06 (+16.00m)
3075;R630b_05;-15.855;6.517;16.000;-2.000;165.000;15.650;50;PLANCHER 06 (+16.00m)
3076;R630a_07;-16.810;4.766;16.000;-2.500;165.000;15.150;50;PLANCHER 06 (+16.00m)
3077;R630a_08;-17.703;1.860;16.000;-2.500;165.000;15.150;50;PLANCHER 06 (+16.00m)
3078;R630a_09;-17.720;0.027;16.000;-2.500;165.000;15.150;50;PLANCHER 06 (+16.00m)
3079;R630a_10;-16.820;-2.998;16.000;-2.000;165.000;15.650;50;PLANCHER 06 (+16.00m)
3080;R630a_11;-17.411;-4.168;16.000;-2.000;165.000;15.650;50;PLANCHER 06 (+16.00m)
4025;R611_01;-7.017;6.890;16.000;-0.200;165.000;17.450;50;PLANCHER 06 (+16.00m)
4026;R611_02;-4.878;7.103;16.000;-0.200;165.000;17.450;50;PLANCHER 06 (+16.00m)
4027;R612_03;-1.803;7.545;16.000;-0.200;165.000;17.450;50;PLANCHER 06 (+16.00m)
4028;R612_04;1.132;7.880;16.000;-0.200;165.000;17.450;50;PLANCHER 06 (+16.00m)
4029;R612_05;-2.421;8.685;16.000;;165.000;17.650;50;PLANCHER 06 (+16.00m)
4030;R612_06;-2.864;11.351;16.000;;165.000;17.650;50;PLANCHER 06 (+16.00m)
4031;R612_07;-1.078;12.288;16.000;;165.000;17.650;50;PLANCHER 06 (+16.00m)
4032;R612_08;0.886;12.043;16.000;;165.000;17.650;50;PLANCHER 06 (+16.00m)
4033;R612_09;1.077;9.089;16.000;;165.000;17.650;50;PLANCHER 06 (+16.00m)
4212;R648_05;6.523;10.541;16.000;;165.000;17.650;50;PLANCHER 06 (+16.00m)
4213;R648_06;6.276;13.016;16.000;;165.000;17.650;50;PLANCHER 06 (+16.00m)
4214;R648_07;3.996;13.723;16.000;;165.000;17.650;50;PLANCHER 06 (+16.00m)
4215;R648_08;3.341;11.920;16.000;;165.000;17.650;50;PLANCHER 06 (+16.00m)
4216;R648_09;3.819;8.331;16.000;;165.000;17.650;50;PLANCHER 06 (+16.00m)
2264;R612_01;-2.335;13.153;16.000;2.200;165.000;19.850;50;PLANCHER 06 (+16.00m)
2266;R612_02;0.224;13.392;16.000;2.200;165.000;19.850;50;PLANCHER 06 (+16.00m)
1079;R622_01;12.578;-4.427;16.000;;165.000;17.650;50;PLANCHER 06 (+16.00m)
1080;R622_02;11.677;-6.853;16.000;;165.000;17.650;50;PLANCHER 06 (+16.00m)
3197;R632_01;-10.490;-8.603;16.000;2.200;165.000;19.850;50;PLANCHER 06 (+16.00m)
3198;R632_02;-11.823;-6.721;16.000;2.200;165.000;19.850;50;PLANCHER 06 (+16.00m)
4208;R648_01;6.912;12.309;16.000;-1.300;165.000;16.350;50;PLANCHER 06 (+16.00m)
4209;R648_02;6.655;10.631;16.000;-1.300;165.000;16.350;50;PLANCHER 06 (+16.00m)
4210;R648_03;3.677;13.298;16.000;-1.300;165.000;16.350;50;PLANCHER 06 (+16.00m)
4211;R648_04;3.830;8.555;16.000;-1.300;165.000;16.350;50;PLANCHER 06 (+16.00m)
1071;R722_01;12.136;-6.557;20.000;;165.000;21.650;50;PLANCHER 07 (+20.00m)
1072;R722_02;9.125;-7.423;20.000;;165.000;21.650;50;PLANCHER 07 (+20.00m)
1073;R722_03;6.805;-4.241;20.000;;165.000;21.650;50;PLANCHER 07 (+20.00m)
1074;R722_04;8.740;-1.908;20.000;;165.000;21.650;50;PLANCHER 07 (+20.00m)
1075;R722_05;13.533;-3.545;20.000;;165.000;21.650;50;PLANCHER 07 (+20.00m)
1076;R722_06;12.163;-7.657;20.000;;165.000;21.650;50;PLANCHER 07 (+20.00m)
1077;R722_07;13.067;-6.276;20.000;;165.000;21.650;50;PLANCHER 07 (+20.00m)
1078;R722_08;13.727;-4.192;20.000;;165.000;21.650;50;PLANCHER 07 (+20.00m)
2083;R730_01;-15.752;7.372;20.000;-2.000;165.000;19.650;50;PLANCHER 07 (+20.00m)
2084;R730_02;-13.483;10.437;20.000;;165.000;21.650;50;PLANCHER 07 (+20.00m)
2085;R730_03;-12.764;12.353;20.000;;165.000;21.650;50;PLANCHER 07 (+20.00m)
2152;R720_01;17.453;3.690;20.000;;165.000;21.650;50;PLANCHER 07 (+20.00m)
2153;R720_02;16.773;0.292;20.000;;165.000;21.650;50;PLANCHER 07 (+20.00m)
2154;R720_03;16.655;-2.692;20.000;;165.000;21.650;50;PLANCHER 07 (+20.00m)
2155;R720_04;15.650;-5.824;20.000;;165.000;21.650;50;PLANCHER 07 (+20.00m)
2156;R720_05;14.968;-7.683;20.000;;165.000;21.650;50;PLANCHER 07 (+20.00m)
2157;R720_06;14.010;-9.232;20.000;;165.000;21.650;50;PLANCHER 07 (+20.00m)
2158;R720_07;12.935;-10.665;20.000;;165.000;21.650;50;PLANCHER 07 (+20.00m)
2159;R720_08;11.897;-12.265;20.000;;165.000;21.650;50;PLANCHER 07 (+20.00m)
2160;R720_09;9.913;-12.962;20.000;;165.000;21.650;50;PLANCHER 07 (+20.00m)
2161;R720_10;8.247;-14.780;20.000;;165.000;21.650;50;PLANCHER 07 (+20.00m)
2162;R720_11;6.328;-15.639;20.000;;165.000;21.650;50;PLANCHER 07 (+20.00m)
2163;R720_12;4.796;-16.859;20.000;;165.000;21.650;50;PLANCHER 07 (+20.00m)
2164;R720_13;3.258;-17.685;20.000;;165.000;21.650;50;PLANCHER 07 (+20.00m)
2165;R720_14;0.745;-17.752;20.000;;165.000;21.650;50;PLANCHER 07 (+20.00m)
2166;R720_15;-0.615;-17.713;20.000;;165.000;21.650;50;PLANCHER 07 (+20.00m)
2167;R720_16;-2.196;-17.713;20.000;;165.000;21.650;50;PLANCHER 07 (+20.00m)
2168;R730_04;-3.903;-17.479;20.000;;165.000;21.650;50;PLANCHER 07 (+20.00m)
2169;R730_05;-6.088;-15.999;20.000;;165.000;21.650;50;PLANCHER 07 (+20.00m)
2170;R730_06;-8.126;-14.867;20.000;;165.000;21.650;50;PLANCHER 07 (+20.00m)
2171;R730_07;-10.083;-13.424;20.000;;165.000;21.650;50;PLANCHER 07 (+20.00m)
2172;R730_08;-11.386;-12.306;20.000;;165.000;21.650;50;PLANCHER 07 (+20.00m)
2173;R730_09;-12.357;-11.304;20.000;;165.000;21.650;50;PLANCHER 07 (+20.00m)
2174;R730_10;-13.774;-9.923;20.000;;165.000;21.650;50;PLANCHER 07 (+20.00m)
2175;R730_11;-14.889;-8.111;20.000;;165.000;21.650;50;PLANCHER 07 (+20.00m)
2176;R730_12;-15.076;-5.872;20.000;;165.000;21.650;50;PLANCHER 07 (+20.00m)
2177;R730_13;-16.901;-3.070;20.000;;165.000;21.650;50;PLANCHER 07 (+20.00m)
2178;R730_14;-16.962;1.949;20.000;;165.000;21.650;50;PLANCHER 07 (+20.00m)
2179;R730_15;-16.096;5.830;20.000;;165.000;21.650;50;PLANCHER 07 (+20.00m)
2180;R730_16;-13.111;10.273;20.000;;165.000;21.650;50;PLANCHER 07 (+20.00m)
2181;R710_01;-11.217;11.876;20.000;;165.000;21.650;50;PLANCHER 07 (+20.00m)
2182;R710_02;16.337;5.050;20.000;;165.000;21.650;50;PLANCHER 07 (+20.00m)
2183;R710_03;15.223;6.801;20.000;;165.000;21.650;50;PLANCHER 07 (+20.00m)
2184;R710_04;14.510;9.530;20.000;;165.000;21.650;50;PLANCHER 07 (+20.00m)
2185;R710_05;12.765;10.538;20.000;;165.000;21.650;50;PLANCHER 07 (+20.00m)
2186;R710_06;11.809;13.036;20.000;;165.000;21.650;50;PLANCHER 07 (+20.00m)
2187;R710_07;8.720;15.424;20.000;;165.000;21.650;50;PLANCHER 07 (+20.00m)
2188;R710_08;3.048;17.727;20.000;;165.000;21.650;50;PLANCHER 07 (+20.00m)
2189;R741_01;13.591;5.317;20.000;;165.000;21.650;50;PLANCHER 07 (+20.00m)
2190;R741_02;12.762;6.268;20.000;;165.000;21.650;50;PLANCHER 07 (+20.00m)
2191;R741_03;10.701;5.196;20.000;;165.000;21.650;50;PLANCHER 07 (+20.00m)
2192;R741_04;7.844;5.385;20.000;;165.000;21.650;50;PLANCHER 07 (+20.00m)
2201;R710_09;5.108;15.606;20.000;2.000;165.000;23.650;50;PLANCHER 07 (+20.00m)
2202;R710_10;5.673;15.420;20.000;2.000;140.000;23.400;50;PLANCHER 07 (+20.00m)
2211;R711_01;-9.687;10.027;20.000;;165.000;21.650;50;PLANCHER 07 (+20.00m)
2212;R711_02;-7.464;11.350;20.000;;165.000;21.650;50;PLANCHER 07 (+20.00m)
2213;R711_03;-5.506;11.932;20.000;;165.000;21.650;50;PLANCHER 07 (+20.00m)
2214;R711_04;-7.729;7.169;20.000;;165.000;21.650;50;PLANCHER 07 (+20.00m)
2215;R711_05;-4.607;10.503;20.000;;165.000;21.650;50;PLANCHER 07 (+20.00m)
2216;R711_06;-4.021;8.234;20.000;;165.000;21.650;50;PLANCHER 07 (+20.00m)
2217;R740_01;-13.506;-4.866;20.000;;165.000;21.650;50;PLANCHER 07 (+20.00m)
2218;R740_02;-11.923;-3.418;20.000;;165.000;21.650;50;PLANCHER 07 (+20.00m)
2219;R740_03;-10.272;-2.474;20.000;;165.000;21.650;50;PLANCHER 07 (+20.00m)
2220;R740_04;-7.307;-1.767;20.000;;165.000;21.650;50;PLANCHER 07 (+20.00m)
2221;R740_05;-4.982;-0.217;20.000;;165.000;21.650;50;PLANCHER 07 (+20.00m)
2222;R740_06;-4.881;2.310;20.000;;165.000;21.650;50;PLANCHER 07 (+20.00m)
2223;R711_07;-5.993;4.365;20.000;;165.000;21.650;50;PLANCHER 07 (+20.00m)
2224;R740_07;-5.050;-3.148;20.000;;165.000;21.650;50;PLANCHER 07 (+20.00m)
2225;R740_08;-4.308;-5.068;20.000;;165.000;21.650;50;PLANCHER 07 (+20.00m)
2226;R731_01;-4.091;-8.310;20.000;;165.000;21.650;50;PLANCHER 07 (+20.00m)
2227;R731_02;-3.533;-10.324;20.000;;165.000;21.650;50;PLANCHER 07 (+20.00m)
2228;R731_03;-4.143;-13.793;20.000;;165.000;21.650;50;PLANCHER 07 (+20.00m)
2229;R731_04;-6.733;-10.089;20.000;;165.000;21.650;50;PLANCHER 07 (+20.00m)
2230;R721_01;14.216;-0.166;20.000;;165.000;21.650;50;PLANCHER 07 (+20.00m)
2231;R721_02;10.619;0.031;20.000;;165.000;21.650;50;PLANCHER 07 (+20.00m)
2232;R740_09;5.601;-5.552;20.000;;165.000;21.650;50;PLANCHER 07 (+20.00m)
2233;R744_01;6.104;-7.563;20.000;;165.000;21.650;50;PLANCHER 07 (+20.00m)
2234;R740_10;5.794;-2.880;20.000;;165.000;21.650;50;PLANCHER 07 (+20.00m)
2235;R740_11;6.440;-1.278;20.000;;165.000;21.650;50;PLANCHER 07 (+20.00m)
2236;R740_12;8.011;-1.119;20.000;;165.000;21.650;50;PLANCHER 07 (+20.00m)
2237;R721_03;8.076;1.643;20.000;;165.000;21.650;50;PLANCHER 07 (+20.00m)
2238;R741_05;4.620;7.053;20.000;;165.000;21.650;50;PLANCHER 07 (+20.00m)
2239;R740_13;-2.530;5.499;20.000;;165.000;21.650;50;PLANCHER 07 (+20.00m)
2240;R740_14;-0.283;5.419;20.000;;165.000;21.650;50;PLANCHER 07 (+20.00m)
2241;R740_15;2.806;4.817;20.000;;165.000;21.650;50;PLANCHER 07 (+20.00m)
2262;R712_07;0.709;14.009;20.000;;165.000;21.650;50;PLANCHER 07 (+20.00m)
2263;R712_08;-3.159;13.826;20.000;;165.000;21.650;50;PLANCHER 07 (+20.00m)
2265;R712_09;-1.104;13.992;20.000;;165.000;21.650;50;PLANCHER 07 (+20.00m)
3199;R732_01;-12.639;-6.385;20.000;;165.000;21.650;50;PLANCHER 07 (+20.00m)
3200;R732_02;-11.684;-8.046;20.000;;165.000;21.650;50;PLANCHER 07 (+20.00m)
3201;R732_03;-10.345;-9.399;20.000;;165.000;21.650;50;PLANCHER 07 (+20.00m)
3202;R732_04;-10.132;-9.770;20.000;;165.000;21.650;50;PLANCHER 07 (+20.00m)
3203;R732_05;-6.447;-7.543;20.000;;165.000;21.650;50;PLANCHER 07 (+20.00m)
3204;R732_06;-6.500;-4.135;20.000;;165.000;21.650;50;PLANCHER 07 (+20.00m)
3205;R732_07;-9.735;-3.472;20.000;;165.000;21.650;50;PLANCHER 07 (+20.00m)
3206;R732_08;-12.691;-5.806;20.000;;165.000;21.650;50;PLANCHER 07 (+20.00m)
4068;R749_01;11.353;9.285;20.000;;165.000;21.650;50;PLANCHER 07 (+20.00m)
4069;R749_02;10.108;9.700;20.000;;165.000;21.650;50;PLANCHER 07 (+20.00m)
4070;R749_03;9.316;8.380;20.000;;165.000;21.650;50;PLANCHER 07 (+20.00m)
4071;R749_04;7.188;9.035;20.000;;165.000;21.650;50;PLANCHER 07 (+20.00m)
4072;R749_05;7.471;12.283;20.000;;165.000;21.650;50;PLANCHER 07 (+20.00m)
4073;R748_01;5.791;13.030;20.000;;165.000;21.650;50;PLANCHER 07 (+20.00m)
4074;R748_02;5.858;12.036;20.000;;165.000;21.650;50;PLANCHER 07 (+20.00m)
4075;R748_03;2.593;12.103;20.000;;165.000;21.650;50;PLANCHER 07 (+20.00m)
4076;R748_04;2.697;9.358;20.000;;165.000;21.650;50;PLANCHER 07 (+20.00m)
2286;R740_16;1.540;7.358;20.000;;165.000;21.650;50;PLANCHER 07 (+20.00m)
2288;R740_17;0.280;6.846;20.000;;165.000;21.650;50;PLANCHER 07 (+20.00m)
2256;R712_01;0.363;8.095;20.000;;165.000;21.650;50;PLANCHER 07 (+20.00m)
2257;R712_02;-1.984;7.989;20.000;;165.000;21.650;50;PLANCHER 07 (+20.00m)
2258;R712_03;-3.270;9.248;20.000;;165.000;21.650;50;PLANCHER 07 (+20.00m)
2259;R712_04;-3.503;12.129;20.000;;165.000;21.650;50;PLANCHER 07 (+20.00m)
2260;R712_05;-1.883;13.264;20.000;;165.000;21.650;50;PLANCHER 07 (+20.00m)
2261;R712_06;0.207;13.488;20.000;;165.000;21.650;50;PLANCHER 07 (+20.00m)
1045;R732_01;-10.858;-4.674;24.000;6.500;165.000;32.150;50;PLANCHER 08 (+24.00m)
1046;R732_02;-10.122;-9.720;24.000;2.000;165.000;27.650;50;PLANCHER 08 (+24.00m)
1047;R732_03;-11.510;-8.049;24.000;2.000;165.000;27.650;50;PLANCHER 08 (+24.00m)
1048;R732_04;-11.737;-5.005;24.000;2.000;165.000;27.650;50;PLANCHER 08 (+24.00m)
1049;R732_05;-9.094;-3.231;24.000;2.000;165.000;27.650;50;PLANCHER 08 (+24.00m)
1050;R732_06;-6.314;-4.387;24.000;2.000;165.000;27.650;50;PLANCHER 08 (+24.00m)
1051;R732_07;-6.303;-7.741;24.000;2.000;165.000;27.650;50;PLANCHER 08 (+24.00m)
2193;R710_01;7.322;15.039;24.000;-0.100;165.000;25.550;50;PLANCHER 08 (+24.00m)
2194;R710_02;7.991;13.834;24.000;-0.100;165.000;25.550;50;PLANCHER 08 (+24.00m)
2195;R849_01;7.304;12.640;24.000;-0.100;165.000;25.550;50;PLANCHER 08 (+24.00m)
2196;R849_02;8.558;11.461;24.000;-0.100;165.000;25.550;50;PLANCHER 08 (+24.00m)
2197;R849_03;9.902;9.087;24.000;-0.100;165.000;25.550;50;PLANCHER 08 (+24.00m)
2198;R848_01;5.274;13.446;24.000;-0.100;165.000;25.550;50;PLANCHER 08 (+24.00m)
2199;R848_02;2.575;12.904;24.000;-0.100;165.000;25.550;50;PLANCHER 08 (+24.00m)
2200;R848_03;2.273;11.192;24.000;2.000;165.000;27.650;50;PLANCHER 08 (+24.00m)
2246;R712_01;-2.920;6.463;24.000;2.000;165.000;27.650;50;PLANCHER 08 (+24.00m)
2247;R712_02;-2.038;7.401;24.000;2.000;165.000;27.650;50;PLANCHER 08 (+24.00m)
2248;R712_03;-0.451;6.778;24.000;2.000;165.000;27.650;50;PLANCHER 08 (+24.00m)
2249;R712_04;1.190;6.380;24.000;2.000;165.000;27.650;50;PLANCHER 08 (+24.00m)
2250;R712_05;-3.712;9.359;24.000;2.000;165.000;27.650;50;PLANCHER 08 (+24.00m)
2251;R712_06;-3.890;12.206;24.000;2.000;165.000;27.650;50;PLANCHER 08 (+24.00m)
2252;R712_07;-1.362;13.559;24.000;2.000;165.000;27.650;50;PLANCHER 08 (+24.00m)
2253;R712_08;1.094;12.384;24.000;2.000;165.000;27.650;50;PLANCHER 08 (+24.00m)
3239;R722_01;8.834;-7.134;24.000;6.000;165.000;31.650;50;PLANCHER 08 (+24.00m)
3240;R722_02;13.439;-3.995;24.000;2.000;165.000;27.650;50;PLANCHER 08 (+24.00m)
3241;R722_03;12.672;-5.969;24.000;2.000;165.000;27.650;50;PLANCHER 08 (+24.00m)
3242;R722_04;10.454;-7.234;24.000;2.000;165.000;27.650;50;PLANCHER 08 (+24.00m)
3243;R722_05;8.818;-1.773;24.000;2.000;165.000;27.650;50;PLANCHER 08 (+24.00m)
3244;R722_06;6.964;-3.277;24.000;2.000;165.000;27.650;50;PLANCHER 08 (+24.00m)
3245;R722_07;7.446;-6.696;24.000;2.000;165.000;27.650;50;PLANCHER 08 (+24.00m)
4066;R841_01;12.238;5.239;24.000;;165.000;25.650;50;PLANCHER 08 (+24.00m)
4067;R841_02;11.898;4.160;24.000;;165.000;25.650;50;PLANCHER 08 (+24.00m)
2254;R712_09;0.987;12.812;24.000;6.500;165.000;32.150;50;PLANCHER 08 (+24.00m)
2255;R712_10;0.360;12.705;24.000;6.500;165.000;32.150;50;PLANCHER 08 (+24.00m)
2281;R730_01;-12.948;10.402;24.000;;165.000;25.650;50;PLANCHER 08 (+24.00m)
2282;R730_02;-11.980;10.998;24.000;;165.000;25.650;50;PLANCHER 08 (+24.00m)
2283;R710_11;-11.324;12.271;24.000;;165.000;25.650;50;PLANCHER 08 (+24.00m)
2284;R730_03;-12.537;11.018;24.000;;165.000;25.650;50;PLANCHER 08 (+24.00m)
2285;R710_12;-11.483;12.424;24.000;;165.000;25.650;50;PLANCHER 08 (+24.00m)
2203;R710_03;1.077;17.948;24.000;1.700;165.000;27.350;50;PLANCHER 08 (+24.00m)
2204;R710_04;0.458;15.995;24.000;1.700;165.000;27.350;50;PLANCHER 08 (+24.00m)
2205;R710_05;-2.461;17.680;24.000;1.700;165.000;27.350;50;PLANCHER 08 (+24.00m)
2206;R710_06;-4.217;17.443;24.000;1.700;165.000;27.350;50;PLANCHER 08 (+24.00m)
2207;R710_07;-6.828;16.612;24.000;1.700;165.000;27.350;50;PLANCHER 08 (+24.00m)
2208;R710_08;-8.275;15.924;24.000;1.700;165.000;27.350;50;PLANCHER 08 (+24.00m)
2209;R710_09;-10.506;13.930;24.000;1.700;165.000;27.350;50;PLANCHER 08 (+24.00m)
2210;R710_10;-11.479;13.836;24.000;1.700;165.000;27.350;50;PLANCHER 08 (+24.00m)
1052;R732_01;-8.440;-8.710;-8.500;;165.000;-6.850;50;
1053;R732_02;-5.580;-6.354;-8.500;;165.000;-6.850;50;
1054;R732_03;-7.828;-2.990;-8.500;;165.000;-6.850;50;
1055;R732_04;-11.174;-4.753;-8.500;;165.000;-6.850;50;
2242;R712_01;0.690;14.027;-8.500;;165.000;-6.850;50;
2243;R712_02;-3.272;13.510;-8.500;;165.000;-6.850;50;
2244;R712_03;-2.927;7.825;-8.500;;165.000;-6.850;50;
2245;R712_04;1.494;8.112;-8.500;;165.000;-6.850;50;
2267;R910_01;6.521;14.659;-8.500;-0.300;165.000;-7.150;50;
2268;R910_02;9.297;13.095;-8.500;-0.300;165.000;-7.150;50;
2269;R910_03;12.692;9.987;-8.500;-0.300;165.000;-7.150;50;
2270;R910_04;14.902;5.848;-8.500;-0.300;165.000;-7.150;50;
2271;R910_05;16.068;0.623;-8.500;-0.300;165.000;-7.150;50;
2272;R910_06;15.425;-4.763;-8.500;-0.300;165.000;-7.150;50;
2273;R910_07;12.542;-9.715;-8.500;-0.300;165.000;-7.150;50;
2274;R910_08;8.828;-13.430;-8.500;-0.300;165.000;-7.150;50;
2275;R910_09;2.885;-15.535;-8.500;-0.300;165.000;-7.150;50;
2276;R910_10;-4.359;-15.225;-8.500;-0.300;165.000;-7.150;50;
2277;R910_11;-11.356;-11.179;-8.500;-0.300;165.000;-7.150;50;
2278;R910_12;-15.303;-4.663;-8.500;-0.300;165.000;-7.150;50;
2279;R910_13;-15.914;1.802;-8.500;-0.300;165.000;-7.150;50;
2280;R910_14;-13.439;8.960;-8.500;-0.300;165.000;-7.150;50;
3234;R722_01;11.698;-2.960;-8.500;;165.000;-6.850;50;
3235;R722_02;8.590;-1.510;-8.500;;165.000;-6.850;50;
3236;R722_03;6.725;-5.240;-8.500;;165.000;-6.850;50;
3237;R722_04;7.343;-7.065;-8.500;;165.000;-6.850;50;
3238;R722_05;9.685;-7.016;-8.500;;165.000;-6.850;50;
