Fichier photo;Nom du Locator;X;Y;Z;% NORD;Plancher
CP1_GRA_TR6_BK_00_K058_20260423_01;K058_01;614.358000;85.543000;-5.350;50;PLANCHER 00 (-08.50m)
CP1_GRA_TR6_BK_00_K058_20260423_02;K058_02;613.902000;80.453000;-6.850;50;PLANCHER 00 (-08.50m)
CP1_GRA_TR6_BK_00_K058_20260423_03;K058_03;616.599000;80.149000;-6.850;50;PLANCHER 00 (-08.50m)
CP1_GRA_TR6_BK_00_K058_20260423_04;K058_04;616.474000;82.362000;-6.850;50;PLANCHER 00 (-08.50m)
CP1_GRA_TR6_BK_00_K058_20260423_05;K058_05;614.414000;83.980000;-6.850;50;PLANCHER 00 (-08.50m)
CP1_GRA_TR6_BK_00_K056_20260423_01;K056_01;615.961000;70.240000;-6.850;50;PLANCHER 00 (-08.50m)
CP1_GRA_TR6_BK_00_K056_20260423_02;K056_02;612.534000;69.969000;-6.850;50;PLANCHER 00 (-08.50m)
CP1_GRA_TR6_BK_00_K056_20260423_03;K056_03;608.889000;70.346000;-6.850;50;PLANCHER 00 (-08.50m)
CP1_GRA_TR6_BK_00_K056_20260423_04;K056_04;611.532000;67.332000;-6.850;50;PLANCHER 00 (-08.50m)
CP1_GRA_TR6_BK_00_K056_20260423_05;K056_05;611.666000;64.794000;-6.850;50;PLANCHER 00 (-08.50m)
CP1_GRA_TR6_BK_00_K056_20260423_06;K056_06;609.595000;67.349000;-6.850;50;PLANCHER 00 (-08.50m)
CP1_GRA_TR6_BK_00_K056_20260423_07;K056_07;604.335000;67.249000;-6.850;50;PLANCHER 00 (-08.50m)
CP1_GRA_TR6_BK_00_K056_20260423_08;K056_08;599.460000;67.216000;-6.850;50;PLANCHER 00 (-08.50m)
CP1_GRA_TR6_BK_00_K056_20260423_09;K056_09;595.235000;67.299000;-6.850;50;PLANCHER 00 (-08.50m)
CP1_GRA_TR6_BK_00_K056_20260423_10;K056_10;605.973000;64.770000;-6.850;50;PLANCHER 00 (-08.50m)
CP1_GRA_TR6_BK_00_K056_20260423_11;K056_11;599.794000;64.709000;-6.850;50;PLANCHER 00 (-08.50m)
CP1_GRA_TR6_BK_00_K056_20260423_12;K056_12;592.974000;64.801000;-6.850;50;PLANCHER 00 (-08.50m)
CP1_GRA_TR6_BK_00_K056_20260423_13;K056_13;591.507000;67.914000;-6.850;50;PLANCHER 00 (-08.50m)
CP1_GRA_TR6_BK_00_K056_20260423_14;K056_14;593.221000;68.349000;-6.850;50;PLANCHER 00 (-08.50m)
CP1_GRA_TR6_BK_00_K056_20260423_15;K056_15;593.503000;66.375000;-6.850;50;PLANCHER 00 (-08.50m)
CP1_GRA_TR6_BK_00_K056_20260423_16;K056_16;593.201000;69.820000;-6.850;50;PLANCHER 00 (-08.50m)
CP1_GRA_TR6_BK_00_K056_20260423_17;K056_17;596.512000;69.782000;-6.850;50;PLANCHER 00 (-08.50m)
CP1_GRA_TR6_BK_00_K056_20260423_18;K056_18;599.183000;69.732000;-6.850;50;PLANCHER 00 (-08.50m)
CP1_GRA_TR6_BK_00_K056_20260423_19;K056_19;602.389000;69.765000;-6.850;50;PLANCHER 00 (-08.50m)
CP1_GRA_TR6_BK_00_K056_20260423_20;K056_20;604.609000;69.765000;-6.850;50;PLANCHER 00 (-08.50m)
CP1_GRA_TR6_BK_00_K056_20260423_21;K056_21;606.896000;69.965000;-6.850;50;PLANCHER 00 (-08.50m)
CP1_GRA_TR6_BK_00_K056_20260423_22;K056_22;590.115000;69.752000;-6.850;50;PLANCHER 00 (-08.50m)
CP1_GRA_TR6_BK_00_K056_20260423_23;K056_23;586.555000;70.010000;-6.850;50;PLANCHER 00 (-08.50m)
CP1_GRA_TR6_BK_00_K056_20260423_24;K056_24;584.906000;66.495000;-6.850;50;PLANCHER 00 (-08.50m)
CP1_GRA_TR6_BK_00_K056_20260423_25;K056_25;584.847000;64.528000;-6.850;50;PLANCHER 00 (-08.50m)
CP1_GRA_TR6_BK_00_K056_20260423_26;K056_26;587.806000;64.846000;-6.850;50;PLANCHER 00 (-08.50m)
CP1_GRA_TR6_BK_00_K056_20260423_27;K056_27;583.536000;69.613000;-6.850;50;PLANCHER 00 (-08.50m)
CP1_GRA_TR6_BK_00_K056_20260423_28;K056_28;580.855000;70.248000;-6.850;50;PLANCHER 00 (-08.50m)
CP1_GRA_TR6_BK_00_K054_20260423_01;K054_01;577.220000;71.341000;-6.850;50;PLANCHER 00 (-08.50m)
CP1_GRA_TR6_BK_00_K054_20260423_02;K054_02;580.537000;73.069000;-6.850;50;PLANCHER 00 (-08.50m)
CP1_GRA_TR6_BK_00_K054_20260423_03;K054_03;579.504000;74.439000;-6.850;50;PLANCHER 00 (-08.50m)
CP1_GRA_TR6_BK_00_K054_20260423_04;K054_04;581.729000;74.518000;-6.850;50;PLANCHER 00 (-08.50m)
CP1_GRA_TR6_BK_00_K054_20260423_05;K054_05;574.261000;72.930000;-6.850;50;PLANCHER 00 (-08.50m)
CP1_GRA_TR6_BK_00_K054_20260423_06;K054_06;570.070000;73.267000;-6.850;50;PLANCHER 00 (-08.50m)
CP1_GRA_TR6_BK_00_K054_20260423_07;K054_07;569.216000;71.817000;-6.850;50;PLANCHER 00 (-08.50m)
CP1_GRA_TR6_BK_00_K054_20260423_08;K054_08;570.117000;77.553000;-6.850;50;PLANCHER 00 (-08.50m)
CP1_GRA_TR6_BK_00_K054_20260423_09;K054_09;573.080000;78.119000;-6.850;50;PLANCHER 00 (-08.50m)
CP1_GRA_TR6_BK_00_K054_20260423_10;K054_10;576.022000;75.156000;-6.850;50;PLANCHER 00 (-08.50m)
CP1_GRA_TR6_BK_00_K054_20260423_11;K054_11;577.721000;78.010000;-6.850;50;PLANCHER 00 (-08.50m)
CP1_GRA_TR6_BK_00_K054_20260423_12;K054_12;577.111000;81.366000;-6.850;50;PLANCHER 00 (-08.50m)
CP1_GRA_TR6_BK_00_K054_20260423_13;K054_13;573.059000;80.494000;-6.850;50;PLANCHER 00 (-08.50m)
CP1_GRA_TR6_BK_00_K054_20260423_14;K054_14;573.907000;83.184000;-6.850;50;PLANCHER 00 (-08.50m)
CP1_GRA_TR6_BK_00_K054_20260423_15;K054_15;569.377000;84.960000;-6.850;50;PLANCHER 00 (-08.50m)
CP1_GRA_TR6_BK_00_K054_20260423_16;K054_16;570.836000;82.433000;-6.850;50;PLANCHER 00 (-08.50m)
CP1_GRA_TR6_BK_00_K054_20260423_17;K054_17;573.176000;86.569000;-6.850;50;PLANCHER 00 (-08.50m)
CP1_GRA_TR6_BK_00_K054_20260423_18;K054_18;574.774000;84.386000;-5.250;50;PLANCHER 00 (-08.50m)
CP1_GRA_TR6_BK_00_K054_20260423_19;K054_19;574.751000;84.489000;-2.850;50;PLANCHER 00 (-08.50m)
CP1_GRA_TR6_BK_00_K054_20260423_20;K054_20;577.483000;83.282000;-6.850;50;PLANCHER 00 (-08.50m)
CP1_GRA_TR6_BK_00_K054_20260423_21;K054_21;579.294000;82.090000;-6.850;50;PLANCHER 00 (-08.50m)
CP1_GRA_TR6_BK_00_K054_20260423_22;K054_22;580.729000;79.251000;-6.850;50;PLANCHER 00 (-08.50m)
CP1_GRA_TR6_BK_00_K054_20260423_23;K054_23;581.532000;76.587000;-6.850;50;PLANCHER 00 (-08.50m)
CP1_GRA_TR6_BK_00_K054_20260423_24;K054_24;579.349000;76.009000;-6.850;50;PLANCHER 00 (-08.50m)
CP1_GRA_TR6_BK_00_K057_20260423_01;K057_01;582.828000;80.755000;-6.850;50;PLANCHER 00 (-08.50m)
CP1_GRA_TR6_BK_00_K057_20260423_02;K057_02;584.729000;79.385000;-6.850;50;PLANCHER 00 (-08.50m)
CP1_GRA_TR6_BK_00_K053_20260423_01;K053_01;583.890000;77.258000;-6.850;50;PLANCHER 00 (-08.50m)
CP1_GRA_TR6_BK_00_K053_20260423_02;K053_02;583.829000;75.109000;-6.850;50;PLANCHER 00 (-08.50m)
CP1_GRA_TR6_BK_00_K053_20260423_03;K053_03;583.755000;73.046000;-6.850;50;PLANCHER 00 (-08.50m)
CP1_GRA_TR6_BK_00_K053_20260423_04;K053_04;586.485000;72.972000;-6.850;50;PLANCHER 00 (-08.50m)
CP1_GRA_TR6_BK_00_K053_20260423_05;K053_05;586.099000;75.673000;-6.850;50;PLANCHER 00 (-08.50m)
CP1_GRA_TR6_BK_00_K053_20260423_06;K053_06;588.013000;74.886000;-6.850;50;PLANCHER 00 (-08.50m)
CP1_GRA_TR6_BK_00_K053_20260423_07;K053_07;588.265000;76.919000;-6.850;50;PLANCHER 00 (-08.50m)
CP1_GRA_TR6_BK_00_K057_20260423_03;K057_03;587.775000;79.392000;-6.700;50;PLANCHER 00 (-08.50m)
CP1_GRA_TR6_BK_00_K057_20260423_04;K057_04;589.571000;79.792000;-7.300;50;PLANCHER 00 (-08.50m)
CP1_GRA_TR6_BK_00_K057_20260423_05;K057_05;591.863000;79.240000;-7.300;50;PLANCHER 00 (-08.50m)
CP1_GRA_TR6_BK_00_K056_20260423_29;K056_29;576.272000;67.890000;-6.850;50;PLANCHER 00 (-08.50m)
CP1_GRA_TR6_BK_00_K056_20260423_30;K056_30;573.271000;69.769000;-6.850;50;PLANCHER 00 (-08.50m)
CP1_GRA_TR6_BK_00_K056_20260423_31;K056_31;569.935000;69.565000;-6.850;50;PLANCHER 00 (-08.50m)
CP1_GRA_TR6_BK_00_K056_20260423_32;K056_32;569.513000;67.278000;-6.850;50;PLANCHER 00 (-08.50m)
CP1_GRA_TR6_BK_00_K056_20260423_33;K056_33;571.916000;64.758000;-6.850;50;PLANCHER 00 (-08.50m)
CP1_GRA_TR6_BK_00_K056_20260423_34;K056_34;574.990000;65.865000;-6.850;50;PLANCHER 00 (-08.50m)
CP1_GRA_TR6_BK_00_K056_20260423_35;K056_35;577.511000;64.501000;-6.850;50;PLANCHER 00 (-08.50m)
CP1_GRA_TR6_BK_00_K056_20260423_36;K056_36;581.328000;64.400000;-6.850;50;PLANCHER 00 (-08.50m)
CP1_GRA_TR6_BK_00_K055_20260423_01;K055_01;616.061000;73.830000;-6.850;50;PLANCHER 00 (-08.50m)
CP1_GRA_TR6_BK_00_K055_20260423_02;K055_02;612.961000;73.558000;-6.850;50;PLANCHER 00 (-08.50m)
CP1_GRA_TR6_BK_00_K055_20260423_03;K055_03;611.753000;72.396000;-6.850;50;PLANCHER 00 (-08.50m)
CP1_GRA_TR6_BK_00_K055_20260423_04;K055_04;611.625000;74.249000;-5.650;50;PLANCHER 00 (-08.50m)
CP1_GRA_TR6_BK_00_K055_20260423_05;K055_05;611.849000;76.171000;-6.850;50;PLANCHER 00 (-08.50m)
CP1_GRA_TR6_BK_00_K055_20260423_06;K055_06;612.571000;77.632000;-6.850;50;PLANCHER 00 (-08.50m)
CP1_GRA_TR6_BK_00_K055_20260423_07;K055_07;614.813000;77.512000;-6.850;50;PLANCHER 00 (-08.50m)
CP1_GRA_TR6_BK_00_K055_20260423_08;K055_08;616.631000;77.897000;-6.850;50;PLANCHER 00 (-08.50m)
CP1_GRA_TR6_BK_00_K055_20260423_09;K055_09;617.292000;75.735000;-6.850;50;PLANCHER 00 (-08.50m)
CP1_GRA_TR6_BK_00_K057_20260423_06;K057_06;612.085000;80.214000;-6.850;50;PLANCHER 00 (-08.50m)
CP1_GRA_TR6_BK_00_K057_20260423_07;K057_07;611.133000;83.076000;-6.850;50;PLANCHER 00 (-08.50m)
CP1_GRA_TR6_BK_00_K057_20260423_08;K057_08;607.654000;84.220000;-6.850;50;PLANCHER 00 (-08.50m)
CP1_GRA_TR6_BK_00_K057_20260423_09;K057_09;605.217000;87.455000;-6.850;50;PLANCHER 00 (-08.50m)
CP1_GRA_TR6_BK_00_K057_20260423_10;K057_10;601.183000;83.421000;-6.850;50;PLANCHER 00 (-08.50m)
CP1_GRA_TR6_BK_00_K057_20260423_11;K057_11;601.771000;80.601000;-6.850;50;PLANCHER 00 (-08.50m)
CP1_GRA_TR6_BK_00_K057_20260423_12;K057_12;604.992000;80.944000;-6.850;50;PLANCHER 00 (-08.50m)
CP1_GRA_TR6_BK_00_K057_20260423_13;K057_13;608.002000;79.899000;-6.850;50;PLANCHER 00 (-08.50m)
CP1_GRA_TR6_BK_00_K050_20260609_01;K050_01;608.070000;77.859000;-6.850;50;PLANCHER 00 (-08.50m)
CP1_GRA_TR6_BK_00_K051_20260609_01;K051_01;602.706000;77.304000;-6.850;50;PLANCHER 00 (-08.50m)
CP1_GRA_TR6_BK_00_K051_20260609_02;K051_02;602.784000;75.945000;-6.850;50;PLANCHER 00 (-08.50m)
CP1_GRA_TR6_BK_00_K051_20260609_03;K051_03;599.594000;76.955000;-6.850;50;PLANCHER 00 (-08.50m)
CP1_GRA_TR6_BK_00_K051_20260609_04;K051_04;600.371000;75.042000;-6.850;50;PLANCHER 00 (-08.50m)
CP1_GRA_TR6_BK_00_K051_20260609_05;K051_05;598.697000;74.361000;-6.850;50;PLANCHER 00 (-08.50m)
CP1_GRA_TR6_BK_00_K051_20260609_06;K051_06;597.937000;73.570000;-6.850;50;PLANCHER 00 (-08.50m)
CP1_GRA_TR6_BK_00_K051_20260609_07;K051_07;598.823000;72.272000;-6.850;50;PLANCHER 00 (-08.50m)
CP1_GRA_TR6_BK_00_K051_20260609_08;K051_08;602.764000;74.695000;-8.850;50;PLANCHER 00 (-08.50m)
CP1_GRA_TR6_BK_00_K051_20260609_09;K051_09;602.582000;72.780000;-8.850;50;PLANCHER 00 (-08.50m)
CP1_GRA_TR6_BK_00_K051_20260609_10;K051_10;602.430000;76.555000;-8.850;50;PLANCHER 00 (-08.50m)
CP1_GRA_TR6_BK_00_K051_20260609_11;K051_11;599.357000;77.047000;-8.850;50;PLANCHER 00 (-08.50m)
CP1_GRA_TR6_BK_00_K051_20260609_12;K051_12;597.635000;77.148000;-8.850;50;PLANCHER 00 (-08.50m)
CP1_GRA_TR6_BK_00_K051_20260609_13;K051_13;601.251000;75.390000;-8.850;50;PLANCHER 00 (-08.50m)
CP1_GRA_TR6_BK_00_K051_20260609_14;K051_14;598.339000;74.847000;-8.850;50;PLANCHER 00 (-08.50m)
CP1_GRA_TR6_BK_00_K051_20260609_15;K051_15;597.865000;72.650000;-9.900;50;PLANCHER 00 (-08.50m)
CP1_GRA_TR6_BK_00_K051_20260609_16;K051_16;599.493000;72.558000;-9.900;50;PLANCHER 00 (-08.50m)
CP1_GRA_TR6_BK_00_K051_20260609_17;K051_17;600.766000;72.507000;-9.900;50;PLANCHER 00 (-08.50m)
CP1_GRA_TR6_BK_00_K050_20260609_02;K050_02;604.558000;77.284000;-6.850;50;PLANCHER 00 (-08.50m)
CP1_GRA_TR6_BK_00_K050_20260609_03;K050_03;605.282000;75.934000;-6.850;50;PLANCHER 00 (-08.50m)
CP1_GRA_TR6_BK_00_K050_20260609_04;K050_04;605.184000;74.140000;-6.850;50;PLANCHER 00 (-08.50m)
CP1_GRA_TR6_BK_00_K050_20260609_05;K050_05;605.282000;72.659000;-6.850;50;PLANCHER 00 (-08.50m)
CP1_GRA_TR6_BK_00_K050_20260609_06;K050_06;606.681000;75.292000;-6.850;50;PLANCHER 00 (-08.50m)
CP1_GRA_TR6_BK_00_K050_20260609_07;K050_07;609.611000;77.415000;-7.300;50;PLANCHER 00 (-08.50m)
CP1_GRA_TR6_BK_00_K050_20260609_08;K050_08;608.821000;75.918000;-6.850;50;PLANCHER 00 (-08.50m)
CP1_GRA_TR6_BK_00_K050_20260609_09;K050_09;609.364000;74.075000;-7.300;50;PLANCHER 00 (-08.50m)
CP1_GRA_TR6_BK_00_K050_20260609_10;K050_10;609.463000;72.594000;-7.300;50;PLANCHER 00 (-08.50m)
CP1_GRA_TR6_BK_00_K050_20260609_11;K050_11;608.854000;74.980000;-8.850;50;PLANCHER 00 (-08.50m)
CP1_GRA_TR6_BK_00_K050_20260609_12;K050_12;608.360000;72.988000;-8.850;50;PLANCHER 00 (-08.50m)
CP1_GRA_TR6_BK_00_K050_20260609_13;K050_13;606.912000;72.594000;-9.300;50;PLANCHER 00 (-08.50m)
CP1_GRA_TR6_BK_00_K050_20260609_14;K050_14;608.294000;76.510000;-9.300;50;PLANCHER 00 (-08.50m)
CP1_GRA_TR6_BK_00_K050_20260609_15;K050_15;606.138000;77.399000;-9.900;50;PLANCHER 00 (-08.50m)
CP1_GRA_TR6_BK_00_K050_20260609_16;K050_16;606.155000;74.733000;-9.900;50;PLANCHER 00 (-08.50m)
CP1_GRA_TR6_BK_00_K050_20260609_17;K050_17;604.919000;72.860000;-9.900;50;PLANCHER 00 (-08.50m)
CP1_GRA_TR6_BK_00_K057_20260609_14;K057_14;599.883000;79.342000;-6.850;50;PLANCHER 00 (-08.50m)
CP1_GRA_TR6_BK_00_K057_20260609_15;K057_15;597.547000;80.784000;-6.850;50;PLANCHER 00 (-08.50m)
CP1_GRA_TR6_BK_00_K057_20260609_16;K057_16;597.915000;82.401000;-6.850;50;PLANCHER 00 (-08.50m)
CP1_GRA_TR6_BK_00_K057_20260609_17;K057_17;595.298000;80.956000;-6.850;50;PLANCHER 00 (-08.50m)
CP1_GRA_TR6_BK_00_K057_20260609_18;K057_18;596.244000;79.118000;-6.850;50;PLANCHER 00 (-08.50m)
CP1_GRA_TR6_BK_00_K057_20260609_19;K057_19;592.848000;80.311000;-6.850;50;PLANCHER 00 (-08.50m)
CP1_GRA_TR6_BK_00_K057_20260609_20;K057_20;592.862000;78.910000;-6.850;50;PLANCHER 00 (-08.50m)
CP1_GRA_TR6_BK_00_K053_20260609_08;K053_08;583.606000;72.898000;-8.750;50;PLANCHER 00 (-08.50m)
CP1_GRA_TR6_BK_00_K053_20260609_09;K053_09;585.546000;72.419000;-8.750;50;PLANCHER 00 (-08.50m)
CP1_GRA_TR6_BK_00_K053_20260609_10;K053_10;588.501000;72.320000;-8.750;50;PLANCHER 00 (-08.50m)
CP1_GRA_TR6_BK_00_K053_20260609_11;K053_11;587.739000;74.588000;-8.750;50;PLANCHER 00 (-08.50m)
CP1_GRA_TR6_BK_00_K053_20260609_12;K053_12;586.138000;74.574000;-8.750;50;PLANCHER 00 (-08.50m)
CP1_GRA_TR6_BK_00_K053_20260609_13;K053_13;583.864000;74.574000;-8.750;50;PLANCHER 00 (-08.50m)
CP1_GRA_TR6_BK_00_K053_20260609_14;K053_14;584.768000;76.317000;-9.200;50;PLANCHER 00 (-08.50m)
CP1_GRA_TR6_BK_00_K053_20260609_15;K053_15;586.864000;76.381000;-9.200;50;PLANCHER 00 (-08.50m)
CP1_GRA_TR6_BK_00_K053_20260609_16;K053_16;588.526000;76.345000;-8.750;50;PLANCHER 00 (-08.50m)
CP1_GRA_TR6_BK_00_K052_20260609_01;K052_01;595.215000;76.352000;-8.750;50;PLANCHER 00 (-08.50m)
CP1_GRA_TR6_BK_00_K052_20260609_02;K052_02;593.343000;72.263000;-8.750;50;PLANCHER 00 (-08.50m)
CP1_GRA_TR6_BK_00_K052_20260609_03;K052_03;595.933000;72.525000;-8.750;50;PLANCHER 00 (-08.50m)
CP1_GRA_TR6_BK_00_K052_20260609_04;K052_04;594.953000;74.391000;-8.750;50;PLANCHER 00 (-08.50m)
CP1_GRA_TR6_BK_00_K052_20260609_05;K052_05;593.266000;74.880000;-8.750;50;PLANCHER 00 (-08.50m)
CP1_GRA_TR6_BK_00_K052_20260609_06;K052_06;590.854000;73.649000;-8.750;50;PLANCHER 00 (-08.50m)
CP1_GRA_TR6_BK_00_K052_20260609_07;K052_07;590.683000;77.034000;-8.750;50;PLANCHER 00 (-08.50m)
CP1_GRA_TR6_BK_00_K052_20260609_08;K052_08;594.748000;73.035000;-6.850;50;PLANCHER 00 (-08.50m)
CP1_GRA_TR6_BK_00_K052_20260609_09;K052_09;594.221000;75.507000;-6.850;50;PLANCHER 00 (-08.50m)
CP1_GRA_TR6_BK_00_K052_20260609_10;K052_10;596.049000;76.820000;-6.850;50;PLANCHER 00 (-08.50m)
CP1_GRA_TR6_BK_00_K052_20260609_11;K052_11;593.374000;72.790000;-6.850;50;PLANCHER 00 (-08.50m)
CP1_GRA_TR6_BK_00_K052_20260609_12;K052_12;590.437000;76.593000;-6.850;50;PLANCHER 00 (-08.50m)
CP1_GRA_TR6_BK_00_K052_20260609_13;K052_13;592.882000;76.932000;-6.850;50;PLANCHER 00 (-08.50m)
CP1_GRA_TR6_BK_00_K052_20260609_14;K052_14;592.142000;74.727000;-6.850;50;PLANCHER 00 (-08.50m)
CP1_GRA_TR6_BK_00_K052_20260609_15;K052_15;590.357000;73.160000;-6.850;50;PLANCHER 00 (-08.50m)
CP1_GRA_TR6_BK_00_K057__21;K057_21;606.257000;82.484000;-6.850;50;PLANCHER 00 (-08.50m)
CP1_GRA_TR6_BK_00_K057__22;K057_22;607.254000;82.224000;-6.850;50;PLANCHER 00 (-08.50m)
CP1_GRA_TR6_BK_00_K057__23;K057_23;608.627000;81.935000;-6.850;50;PLANCHER 00 (-08.50m)
CP1_GRA_TR6_BK_00_K057__24;K057_24;607.615000;81.154000;-6.850;50;PLANCHER 00 (-08.50m)
CP1_GRA_TR6_BK_00_K057__25;K057_25;603.323000;81.891000;-6.850;50;PLANCHER 00 (-08.50m)
CP1_GRA_TR6_BK_00_K057__26;K057_26;603.959000;84.074000;-6.850;50;PLANCHER 00 (-08.50m)
CP1_GRA_TR6_BK_00_K057__27;K057_27;604.638000;82.484000;-6.850;50;PLANCHER 00 (-08.50m)
CP1_GRA_TR6_BK_00_K168_20260423_01;K168_01;614.393000;85.573000;-2.850;50;PLANCHER 00 (-06.00m)
CP1_GRA_TR6_BK_00_K168_20260423_02;K168_02;613.957000;80.407000;-4.350;50;PLANCHER 00 (-06.00m)
CP1_GRA_TR6_BK_00_K168_20260423_03;K168_03;617.107000;79.873000;-4.350;50;PLANCHER 00 (-06.00m)
CP1_GRA_TR6_BK_00_K168_20260423_04;K168_04;616.663000;82.242000;-4.350;50;PLANCHER 00 (-06.00m)
CP1_GRA_TR6_BK_00_K157_20260423_01;K157_01;577.557000;81.271000;-4.350;50;PLANCHER 00 (-06.00m)
CP1_GRA_TR6_BK_00_K157_20260423_02;K157_02;579.562000;80.284000;-4.350;50;PLANCHER 00 (-06.00m)
CP1_GRA_TR6_BK_00_K157_20260423_03;K157_03;577.173000;79.495000;-4.350;50;PLANCHER 00 (-06.00m)
CP1_GRA_TR6_BK_00_K157_20260423_04;K157_04;581.348000;79.993000;-4.350;50;PLANCHER 00 (-06.00m)
CP1_GRA_TR6_BK_00_K157_20260423_05;K157_05;582.367000;80.051000;-4.350;50;PLANCHER 00 (-06.00m)
CP1_GRA_TR6_BK_00_K157_20260423_06;K157_06;584.068000;80.182000;-4.350;50;PLANCHER 00 (-06.00m)
CP1_GRA_TR6_BK_00_K162_20260624_01;K162_01;591.252000;77.099000;-4.350;50;PLANCHER 00 (-06.00m)
CP1_GRA_TR6_BK_00_K162_20260624_02;K162_02;591.017000;75.581000;-4.350;50;PLANCHER 00 (-06.00m)
CP1_GRA_TR6_BK_00_K162_20260624_03;K162_03;590.546000;74.011000;-4.350;50;PLANCHER 00 (-06.00m)
CP1_GRA_TR6_BK_00_K162_20260624_04;K162_04;591.841000;72.232000;-4.350;50;PLANCHER 00 (-06.00m)
CP1_GRA_TR6_BK_00_K162_20260624_05;K162_05;593.189000;74.613000;-4.350;50;PLANCHER 00 (-06.00m)
CP1_GRA_TR6_BK_00_K162_20260624_06;K162_06;594.262000;72.546000;-4.350;50;PLANCHER 00 (-06.00m)
CP1_GRA_TR6_BK_00_K162_20260624_07;K162_07;595.343000;74.434000;-4.350;50;PLANCHER 00 (-06.00m)
CP1_GRA_TR6_BK_00_K162_20260624_08;K162_08;596.129000;72.584000;-4.350;50;PLANCHER 00 (-06.00m)
CP1_GRA_TR6_BK_00_K162_20260624_09;K162_09;594.359000;76.678000;-4.350;50;PLANCHER 00 (-06.00m)
CP1_GRA_TR6_BK_00_K160_20260624_01;K160_01;605.978000;77.946000;-4.350;50;PLANCHER 00 (-06.00m)
CP1_GRA_TR6_BK_00_K160_20260624_02;K160_02;605.186000;73.451000;-4.350;50;PLANCHER 00 (-06.00m)
CP1_GRA_TR6_BK_00_K160_20260624_03;K160_03;606.172000;72.520000;-4.350;50;PLANCHER 00 (-06.00m)
CP1_GRA_TR6_BK_00_K160_20260624_04;K160_04;607.582000;74.856000;-4.350;50;PLANCHER 00 (-06.00m)
CP1_GRA_TR6_BK_00_K160_20260624_05;K160_05;608.243000;72.641000;-4.350;50;PLANCHER 00 (-06.00m)
CP1_GRA_TR6_BK_00_K160_20260624_06;K160_06;609.235000;74.641000;-4.350;50;PLANCHER 00 (-06.00m)
CP1_GRA_TR6_BK_00_K160_20260624_07;K160_07;609.351000;72.658000;-4.350;50;PLANCHER 00 (-06.00m)
CP1_GRA_TR6_BK_00_K160_20260624_08;K160_08;607.947000;77.191000;-4.350;50;PLANCHER 00 (-06.00m)
CP1_GRA_TR6_BK_00_K157_20260423_07;K157_07;611.597000;80.518000;-4.350;50;PLANCHER 00 (-06.00m)
CP1_GRA_TR6_BK_00_K157_20260423_08;K157_08;610.858000;84.873000;-4.350;50;PLANCHER 00 (-06.00m)
CP1_GRA_TR6_BK_00_K157_20260423_09;K157_09;609.109000;80.414000;-4.350;50;PLANCHER 00 (-06.00m)
CP1_GRA_TR6_BK_00_K157_20260423_10;K157_10;605.587000;80.576000;-4.350;50;PLANCHER 00 (-06.00m)
CP1_GRA_TR6_BK_00_K157_20260423_11;K157_11;607.014000;84.360000;-4.350;50;PLANCHER 00 (-06.00m)
CP1_GRA_TR6_BK_00_K157_20260423_12;K157_12;603.130000;84.905000;-5.400;50;PLANCHER 00 (-06.00m)
CP1_GRA_TR6_BK_00_K157_20260423_13;K157_13;603.068000;80.580000;-4.350;50;PLANCHER 00 (-06.00m)
CP1_GRA_TR6_BK_00_K157_20260423_14;K157_14;600.595000;80.368000;-4.350;50;PLANCHER 00 (-06.00m)
CP1_GRA_TR6_BK_00_K157_20260423_15;K157_15;599.417000;81.875000;-4.350;50;PLANCHER 00 (-06.00m)
CP1_GRA_TR6_BK_00_K157_20260423_16;K157_16;600.166000;83.076000;-4.350;50;PLANCHER 00 (-06.00m)
CP1_GRA_TR6_BK_00_K157_20260423_17;K157_17;598.459000;79.641000;-4.350;50;PLANCHER 00 (-06.00m)
CP1_GRA_TR6_BK_00_K157_20260423_18;K157_18;597.534000;81.456000;-4.350;50;PLANCHER 00 (-06.00m)
CP1_GRA_TR6_BK_00_K157_20260423_19;K157_19;596.187000;79.791000;-4.350;50;PLANCHER 00 (-06.00m)
CP1_GRA_TR6_BK_00_K157_20260423_20;K157_20;593.775000;79.832000;-4.350;50;PLANCHER 00 (-06.00m)
CP1_GRA_TR6_BK_00_K157_20260423_21;K157_21;591.304000;79.443000;-4.350;50;PLANCHER 00 (-06.00m)
CP1_GRA_TR6_BK_00_K157_20260423_22;K157_22;588.814000;79.436000;-4.350;50;PLANCHER 00 (-06.00m)
CP1_GRA_TR6_BK_00_K157_20260423_23;K157_23;590.002000;79.520000;-4.350;50;PLANCHER 00 (-06.00m)
CP1_GRA_TR6_BK_00_K157_20260609_24;K157_24;585.508000;79.977000;-4.350;50;PLANCHER 00 (-06.00m)
CP1_GRA_TR6_BK_00_K157_20260609_25;K157_25;587.095000;79.693000;-4.350;50;PLANCHER 00 (-06.00m)
CP1_GRA_TR6_BK_00_K163_20260624_01;K163_01;584.116000;77.045000;-4.350;50;PLANCHER 00 (-06.00m)
CP1_GRA_TR6_BK_00_K163_20260624_02;K163_02;584.599000;74.588000;-4.350;50;PLANCHER 00 (-06.00m)
CP1_GRA_TR6_BK_00_K163_20260624_03;K163_03;583.297000;72.341000;-4.350;50;PLANCHER 00 (-06.00m)
CP1_GRA_TR6_BK_00_K163_20260624_04;K163_04;586.027000;72.341000;-4.350;50;PLANCHER 00 (-06.00m)
CP1_GRA_TR6_BK_00_K163_20260624_05;K163_05;588.693000;72.320000;-4.350;50;PLANCHER 00 (-06.00m)
CP1_GRA_TR6_BK_00_K163_20260624_06;K163_06;587.811000;74.777000;-4.350;50;PLANCHER 00 (-06.00m)
CP1_GRA_TR6_BK_00_K163_20260624_07;K163_07;588.105000;76.898000;-4.350;50;PLANCHER 00 (-06.00m)
CP1_GRA_TR6_BK_00_K163_20260624_08;K163_08;586.027000;76.100000;-4.350;50;PLANCHER 00 (-06.00m)
CP1_GRA_TR6_BK_00_K161_20260624_01;K161_01;598.356000;77.330000;-4.350;50;PLANCHER 00 (-06.00m)
CP1_GRA_TR6_BK_00_K161_20260624_02;K161_02;599.240000;75.554000;-4.350;50;PLANCHER 00 (-06.00m)
CP1_GRA_TR6_BK_00_K161_20260624_03;K161_03;597.754000;72.862000;-4.350;50;PLANCHER 00 (-06.00m)
CP1_GRA_TR6_BK_00_K161_20260624_04;K161_04;601.047000;72.162000;-4.350;50;PLANCHER 00 (-06.00m)
CP1_GRA_TR6_BK_00_K161_20260624_05;K161_05;602.541000;74.857000;-4.350;50;PLANCHER 00 (-06.00m)
CP1_GRA_TR6_BK_00_K161_20260624_06;K161_06;602.225000;76.924000;-4.350;50;PLANCHER 00 (-06.00m)
CP1_GRA_TR6_BK_01_K158_20260423_01;K158_01;614.360000;85.491000;-0.050;50;PLANCHER 01 (-03.20m)
CP1_GRA_TR6_BK_01_K156_20260423_01;K156_01;595.281000;69.074000;-2.000;50;PLANCHER 01 (-03.20m)
CP1_GRA_TR6_BK_01_K156_20260423_02;K156_02;589.463000;69.145000;-1.550;50;PLANCHER 01 (-03.20m)
CP1_GRA_TR6_BK_01_K156_20260423_03;K156_03;592.636000;64.342000;-1.550;50;PLANCHER 01 (-03.20m)
CP1_GRA_TR6_BK_01_K156_20260423_04;K156_04;587.776000;67.873000;-1.400;50;PLANCHER 01 (-03.20m)
CP1_GRA_TR6_BK_01_K156_20260423_05;K156_05;587.354000;64.655000;-1.400;50;PLANCHER 01 (-03.20m)
CP1_GRA_TR6_BK_01_K156_20260423_06;K156_06;585.573000;66.075000;-2.550;50;PLANCHER 01 (-03.20m)
CP1_GRA_TR6_BK_01_K156_20260423_07;K156_07;583.526000;69.157000;-2.150;50;PLANCHER 01 (-03.20m)
CP1_GRA_TR6_BK_01_K156_20260423_08;K156_08;583.254000;65.328000;-1.400;50;PLANCHER 01 (-03.20m)
CP1_GRA_TR6_BK_01_K156_20260423_09;K156_09;581.709000;69.902000;-1.550;50;PLANCHER 01 (-03.20m)
CP1_GRA_TR6_BK_01_K156_20260423_10;K156_10;581.613000;72.020000;-1.350;50;PLANCHER 01 (-03.20m)
CP1_GRA_TR6_BK_01_K156_20260423_11;K156_11;576.884000;69.456000;-1.550;50;PLANCHER 01 (-03.20m)
CP1_GRA_TR6_BK_01_K156_20260423_12;K156_12;577.483000;64.710000;-1.550;50;PLANCHER 01 (-03.20m)
CP1_GRA_TR6_BK_01_K156_20260423_13;K156_13;579.598000;66.475000;-1.550;50;PLANCHER 01 (-03.20m)
CP1_GRA_TR6_BK_01_K154_20260423_01;K154_01;573.640000;64.196000;-2.000;50;PLANCHER 01 (-03.20m)
CP1_GRA_TR6_BK_01_K154_20260423_02;K154_02;569.088000;64.300000;-5.150;50;PLANCHER 01 (-03.20m)
CP1_GRA_TR6_BK_01_K156_20260609_14;K156_14;612.570000;69.512000;-1.550;50;PLANCHER 01 (-03.20m)
CP1_GRA_TR6_BK_01_K156_20260609_15;K156_15;611.722000;66.489000;-1.550;50;PLANCHER 01 (-03.20m)
CP1_GRA_TR6_BK_01_K156_20260609_16;K156_16;608.610000;64.761000;-1.550;50;PLANCHER 01 (-03.20m)
CP1_GRA_TR6_BK_01_K156_20260609_17;K156_17;605.277000;65.245000;-1.550;50;PLANCHER 01 (-03.20m)
CP1_GRA_TR6_BK_01_K156_20260609_18;K156_18;606.882000;64.568000;-1.550;50;PLANCHER 01 (-03.20m)
CP1_GRA_TR6_BK_01_K156_20260609_19;K156_19;605.772000;67.441000;-1.550;50;PLANCHER 01 (-03.20m)
CP1_GRA_TR6_BK_01_K156_20260609_20;K156_20;607.912000;68.911000;-1.550;50;PLANCHER 01 (-03.20m)
CP1_GRA_TR6_BK_01_K152_20260624_01;K152_01;595.568000;76.638000;-1.550;50;PLANCHER 01 (-03.20m)
CP1_GRA_TR6_BK_01_K152_20260624_02;K152_02;596.058000;74.740000;-1.550;50;PLANCHER 01 (-03.20m)
CP1_GRA_TR6_BK_01_K152_20260624_03;K152_03;593.671000;75.912000;-1.550;50;PLANCHER 01 (-03.20m)
CP1_GRA_TR6_BK_01_K152_20260624_04;K152_04;591.003000;76.223000;-1.550;50;PLANCHER 01 (-03.20m)
CP1_GRA_TR6_BK_01_K152_20260624_05;K152_05;592.203000;74.577000;-1.550;50;PLANCHER 01 (-03.20m)
CP1_GRA_TR6_BK_01_K152_20260624_06;K152_06;594.442000;74.577000;-1.550;50;PLANCHER 01 (-03.20m)
CP1_GRA_TR6_BK_01_K150_20260624_01;K150_01;605.631000;77.219000;-1.550;50;PLANCHER 01 (-03.20m)
CP1_GRA_TR6_BK_01_K150_20260624_02;K150_02;608.895000;77.160000;-1.550;50;PLANCHER 01 (-03.20m)
CP1_GRA_TR6_BK_01_K150_20260624_03;K150_03;608.936000;75.155000;-2.000;50;PLANCHER 01 (-03.20m)
CP1_GRA_TR6_BK_01_K150_20260624_04;K150_04;606.849000;74.868000;-2.000;50;PLANCHER 01 (-03.20m)
CP1_GRA_TR6_BK_01_K158_20260422_02;K158_02;614.518000;82.257000;-1.550;50;PLANCHER 01 (-03.20m)
CP1_GRA_TR6_BK_01_K158_20260422_03;K158_03;614.277000;80.136000;-1.550;50;PLANCHER 01 (-03.20m)
CP1_GRA_TR6_BK_01_K158_20260422_04;K158_04;616.996000;80.210000;-1.550;50;PLANCHER 01 (-03.20m)
CP1_GRA_TR6_BK_01_K158_20260422_05;K158_05;616.994000;82.574000;-1.550;50;PLANCHER 01 (-03.20m)
CP1_GRA_TR6_BK_01_K155_20260422_01;K155_01;612.331000;77.950000;-1.550;50;PLANCHER 01 (-03.20m)
CP1_GRA_TR6_BK_01_K155_20260422_02;K155_02;613.954000;77.891000;-1.550;50;PLANCHER 01 (-03.20m)
CP1_GRA_TR6_BK_01_K155_20260422_03;K155_03;616.691000;78.159000;-1.550;50;PLANCHER 01 (-03.20m)
CP1_GRA_TR6_BK_01_K155_20260422_04;K155_04;616.523000;74.230000;-1.550;50;PLANCHER 01 (-03.20m)
CP1_GRA_TR6_BK_01_K156_20260422_21;K156_21;616.681000;70.082000;-1.550;50;PLANCHER 01 (-03.20m)
CP1_GRA_TR6_BK_01_K154_20260422_03;K154_03;569.733000;67.584000;-1.550;50;PLANCHER 01 (-03.20m)
CP1_GRA_TR6_BK_01_K154_20260422_04;K154_04;573.740000;68.175000;-1.550;50;PLANCHER 01 (-03.20m)
CP1_GRA_TR6_BK_01_K154_20260422_05;K154_05;574.243000;72.401000;-1.550;50;PLANCHER 01 (-03.20m)
CP1_GRA_TR6_BK_01_K154_20260422_06;K154_06;572.995000;74.613000;-1.550;50;PLANCHER 01 (-03.20m)
CP1_GRA_TR6_BK_01_K154_20260422_07;K154_07;573.499000;76.452000;-1.550;50;PLANCHER 01 (-03.20m)
CP1_GRA_TR6_BK_01_K154_20260422_08;K154_08;573.017000;79.167000;-1.550;50;PLANCHER 01 (-03.20m)
CP1_GRA_TR6_BK_01_K154_20260422_09;K154_09;570.653000;81.181000;-1.550;50;PLANCHER 01 (-03.20m)
CP1_GRA_TR6_BK_01_K154_20260422_10;K154_10;569.823000;78.374000;-1.550;50;PLANCHER 01 (-03.20m)
CP1_GRA_TR6_BK_01_K154_20260422_11;K154_11;570.097000;76.248000;-1.550;50;PLANCHER 01 (-03.20m)
CP1_GRA_TR6_BK_01_K154_20260422_12;K154_12;569.668000;72.953000;-1.550;50;PLANCHER 01 (-03.20m)
CP1_GRA_TR6_BK_01_K154_20260422_13;K154_13;571.455000;70.562000;-1.550;50;PLANCHER 01 (-03.20m)
CP1_GRA_TR6_BK_01_K156_20260609_22;K156_22;597.035000;64.456000;-1.550;50;PLANCHER 01 (-03.20m)
CP1_GRA_TR6_BK_01_K156_20260609_23;K156_23;602.156000;64.456000;-1.550;50;PLANCHER 01 (-03.20m)
CP1_GRA_TR6_BK_01_K156_20260609_24;K156_24;599.600000;69.362000;-2.000;50;PLANCHER 01 (-03.20m)
CP1_GRA_TR6_BK_01_K156_20260609_25;K156_25;604.362000;69.571000;-2.000;50;PLANCHER 01 (-03.20m)
CP1_GRA_TR6_BK_01_K153_20260624_01;K153_01;588.294000;76.457000;-1.550;50;PLANCHER 01 (-03.20m)
CP1_GRA_TR6_BK_01_K153_20260624_02;K153_02;586.153000;76.478000;-1.550;50;PLANCHER 01 (-03.20m)
CP1_GRA_TR6_BK_01_K153_20260624_03;K153_03;583.591000;77.045000;-1.550;50;PLANCHER 01 (-03.20m)
CP1_GRA_TR6_BK_01_K153_20260624_04;K153_04;584.935000;74.525000;-1.550;50;PLANCHER 01 (-03.20m)
CP1_GRA_TR6_BK_01_K153_20260624_05;K153_05;588.588000;74.483000;-1.550;50;PLANCHER 01 (-03.20m)
CP1_GRA_TR6_BK_01_K151_20260624_01;K151_01;601.509000;76.454000;-1.550;50;PLANCHER 01 (-03.20m)
CP1_GRA_TR6_BK_01_K151_20260624_02;K151_02;599.296000;76.477000;-1.550;50;PLANCHER 01 (-03.20m)
CP1_GRA_TR6_BK_01_K151_20260624_03;K151_03;597.893000;74.669000;-1.550;50;PLANCHER 01 (-03.20m)
CP1_GRA_TR6_BK_01_K151_20260624_04;K151_04;600.771000;74.550000;-1.550;50;PLANCHER 01 (-03.20m)
CP1_GRA_TR6_BK_02_K256_20260416_01;K256_01;589.154000;73.446000;1.650;50;PLANCHER 02 (+00.00m)
CP1_GRA_TR6_BK_02_K256_20260416_02;K256_02;591.314000;71.115000;1.650;50;PLANCHER 02 (+00.00m)
CP1_GRA_TR6_BK_02_K256_20260416_03;K256_03;592.917000;73.511000;1.650;50;PLANCHER 02 (+00.00m)
CP1_GRA_TR6_BK_02_K256_20260416_04;K256_04;597.665000;73.596000;1.650;50;PLANCHER 02 (+00.00m)
CP1_GRA_TR6_BK_02_K256_20260416_05;K256_05;595.890000;73.425000;1.650;50;PLANCHER 02 (+00.00m)
CP1_GRA_TR6_BK_02_K256_20260416_06;K256_06;601.022000;73.254000;1.650;50;PLANCHER 02 (+00.00m)
CP1_GRA_TR6_BK_02_K256_20260416_07;K256_07;603.353000;72.463000;1.650;50;PLANCHER 02 (+00.00m)
CP1_GRA_TR6_BK_02_K256_20260416_08;K256_08;606.176000;72.997000;1.650;50;PLANCHER 02 (+00.00m)
CP1_GRA_TR6_BK_02_K256_20260416_09;K256_09;604.378000;76.081000;1.650;50;PLANCHER 02 (+00.00m)
CP1_GRA_TR6_BK_02_K256_20260416_10;K256_10;606.882000;76.034000;1.650;50;PLANCHER 02 (+00.00m)
CP1_GRA_TR6_BK_02_K256_20260416_11;K256_11;609.360000;77.193000;1.650;50;PLANCHER 02 (+00.00m)
CP1_GRA_TR6_BK_02_K256_20260416_12;K256_12;606.922000;77.963000;1.650;50;PLANCHER 02 (+00.00m)
CP1_GRA_TR6_BK_02_K256_20260416_13;K256_13;604.290000;77.326000;1.650;50;PLANCHER 02 (+00.00m)
CP1_GRA_TR6_BK_02_K256_20260416_14;K256_14;610.492000;74.931000;1.650;50;PLANCHER 02 (+00.00m)
CP1_GRA_TR6_BK_02_K256_20260416_15;K256_15;612.203000;73.840000;1.650;50;PLANCHER 02 (+00.00m)
CP1_GRA_TR6_BK_02_K256_20260416_16;K256_16;612.117000;77.283000;1.650;50;PLANCHER 02 (+00.00m)
CP1_GRA_TR6_BK_02_K256_20260416_17;K256_17;613.756000;78.043000;1.650;50;PLANCHER 02 (+00.00m)
CP1_GRA_TR6_BK_02_K256_20260416_18;K256_18;613.873000;74.978000;1.650;50;PLANCHER 02 (+00.00m)
CP1_GRA_TR6_BK_02_K256_20260416_19;K256_19;613.850000;72.896000;1.650;50;PLANCHER 02 (+00.00m)
CP1_GRA_TR6_BK_02_K256_20260416_20;K256_20;616.891000;74.066000;1.650;50;PLANCHER 02 (+00.00m)
CP1_GRA_TR6_BK_02_K256_20260416_21;K256_21;616.961000;72.498000;1.650;50;PLANCHER 02 (+00.00m)
CP1_GRA_TR6_BK_02_K256_20260416_22;K256_22;617.382000;75.633000;1.650;50;PLANCHER 02 (+00.00m)
CP1_GRA_TR6_BK_02_K256_20260416_23;K256_23;617.312000;77.177000;1.650;50;PLANCHER 02 (+00.00m)
CP1_GRA_TR6_BK_02_K256_20260416_24;K256_24;614.785000;76.592000;1.650;50;PLANCHER 02 (+00.00m)
CP1_GRA_TR6_BK_02_K256_20260416_25;K256_25;616.002000;78.090000;1.650;50;PLANCHER 02 (+00.00m)
CP1_GRA_TR6_BK_02_K258_20260416_01;K258_01;613.919000;80.740000;1.650;50;PLANCHER 02 (+00.00m)
CP1_GRA_TR6_BK_02_K258_20260416_02;K258_02;613.500000;82.384000;1.650;50;PLANCHER 02 (+00.00m)
CP1_GRA_TR6_BK_02_K258_20260416_03;K258_03;615.305000;82.384000;1.650;50;PLANCHER 02 (+00.00m)
CP1_GRA_TR6_BK_02_K258_20260416_04;K258_04;617.142000;82.480000;1.650;50;PLANCHER 02 (+00.00m)
CP1_GRA_TR6_BK_02_K258_20260416_05;K258_05;615.982000;80.740000;1.650;50;PLANCHER 02 (+00.00m)
CP1_GRA_TR6_BK_02_K258_20260416_06;K258_06;617.851000;80.901000;1.650;50;PLANCHER 02 (+00.00m)
CP1_GRA_TR6_BK_02_K258_20260416_07;K258_07;615.251000;85.589000;3.150;50;PLANCHER 02 (+00.00m)
CP1_GRA_TR6_BK_02_K258_20260416_08;K258_08;613.579000;85.624000;3.150;50;PLANCHER 02 (+00.00m)
CP1_GRA_TR6_BK_02_K256_20260422_26;K256_26;593.909000;71.675000;1.650;50;PLANCHER 02 (+00.00m)
CP1_GRA_TR6_BK_02_K256_20260422_27;K256_27;595.797000;70.822000;4.950;50;PLANCHER 02 (+00.00m)
CP1_GRA_TR6_BK_02_K256_20260422_28;K256_28;597.945000;71.782000;1.650;50;PLANCHER 02 (+00.00m)
CP1_GRA_TR6_BK_02_K256_20260422_29;K256_29;600.580000;71.234000;1.650;50;PLANCHER 02 (+00.00m)
CP1_GRA_TR6_BK_02_K256_20260422_30;K256_30;594.396000;70.807000;4.950;50;PLANCHER 02 (+00.00m)
CP1_GRA_TR6_BK_02_K256_20260422_31;K256_31;596.863000;70.746000;4.950;50;PLANCHER 02 (+00.00m)
CP1_GRA_TR6_BK_02_K256_20260422_32;K256_32;598.128000;71.736000;4.950;50;PLANCHER 02 (+00.00m)
CP1_GRA_TR6_BK_02_K256_20260422_33;K256_33;601.082000;71.112000;4.950;50;PLANCHER 02 (+00.00m)
CP1_GRA_TR6_BK_02_K252_20260422_01;K252_01;591.531000;68.135000;1.650;50;PLANCHER 02 (+00.00m)
CP1_GRA_TR6_BK_02_K252_20260422_02;K252_02;591.603000;65.636000;1.650;50;PLANCHER 02 (+00.00m)
CP1_GRA_TR6_BK_02_K252_20260422_03;K252_03;594.769000;66.849000;1.650;50;PLANCHER 02 (+00.00m)
CP1_GRA_TR6_BK_02_K252_20260422_04;K252_04;595.113000;64.421000;1.650;50;PLANCHER 02 (+00.00m)
CP1_GRA_TR6_BK_02_K258_20260422_09;K258_09;613.495000;82.529000;5.150;50;PLANCHER 02 (+00.00m)
CP1_GRA_TR6_BK_02_K258_20260422_10;K258_10;615.157000;82.580000;5.150;50;PLANCHER 02 (+00.00m)
CP1_GRA_TR6_BK_02_K258_20260422_11;K258_11;615.558000;79.924000;5.150;50;PLANCHER 02 (+00.00m)
CP1_GRA_TR6_BK_02_K258_20260422_12;K258_12;617.292000;80.767000;5.150;50;PLANCHER 02 (+00.00m)
CP1_GRA_TR6_BK_02_W253_20260416_01;W253_01;569.271000;81.926000;1.650;50;PLANCHER 02 (+00.00m)
CP1_GRA_TR6_BK_02_W253_20260416_02;W253_02;568.830000;80.137000;1.650;50;PLANCHER 02 (+00.00m)
CP1_GRA_TR6_BK_02_W253_20260416_03;W253_03;570.584000;79.465000;1.650;50;PLANCHER 02 (+00.00m)
CP1_GRA_TR6_BK_02_W253_20260416_04;W253_04;573.517000;80.229000;1.650;50;PLANCHER 02 (+00.00m)
CP1_GRA_TR6_BK_02_W253_20260416_05;W253_05;575.752000;79.653000;1.650;50;PLANCHER 02 (+00.00m)
CP1_GRA_TR6_BK_02_W253_20260416_06;W253_06;577.141000;78.999000;1.200;50;PLANCHER 02 (+00.00m)
CP1_GRA_TR6_BK_02_W253_20260416_07;W253_07;578.815000;78.808000;1.650;50;PLANCHER 02 (+00.00m)
CP1_GRA_TR6_BK_02_W253_20260416_08;W253_08;573.068000;82.438000;1.650;50;PLANCHER 02 (+00.00m)
CP1_GRA_TR6_BK_02_W253_20260416_09;W253_09;571.032000;84.441000;1.650;50;PLANCHER 02 (+00.00m)
CP1_GRA_TR6_BK_02_W253_20260416_10;W253_10;569.480000;85.268000;1.650;50;PLANCHER 02 (+00.00m)
CP1_GRA_TR6_BK_02_W253_20260416_11;W253_11;573.176000;79.194000;4.500;50;PLANCHER 02 (+00.00m)
CP1_GRA_TR6_BK_02_W253_20260416_12;W253_12;570.795000;79.190000;4.500;50;PLANCHER 02 (+00.00m)
CP1_GRA_TR6_BK_02_W255_20260416_01;W255_01;571.847000;88.066000;1.200;50;PLANCHER 02 (+00.00m)
CP1_GRA_TR6_BK_02_W255_20260416_02;W255_02;570.117000;88.990000;1.200;50;PLANCHER 02 (+00.00m)
CP1_GRA_TR6_BK_02_W255_20260416_03;W255_03;568.151000;89.868000;1.200;50;PLANCHER 02 (+00.00m)
CP1_GRA_TR6_BK_02_W255_20260416_04;W255_04;568.146000;92.091000;1.200;50;PLANCHER 02 (+00.00m)
CP1_GRA_TR6_BK_02_W255_20260416_05;W255_05;568.704000;94.275000;1.200;50;PLANCHER 02 (+00.00m)
CP1_GRA_TR6_BK_02_W255_20260416_06;W255_06;569.516000;92.699000;1.200;50;PLANCHER 02 (+00.00m)
CP1_GRA_TR6_BK_02_W255_20260416_07;W255_07;569.742000;91.045000;1.200;50;PLANCHER 02 (+00.00m)
CP1_GRA_TR6_BK_02_W255_20260416_08;W255_08;570.947000;90.050000;1.200;50;PLANCHER 02 (+00.00m)
CP1_GRA_TR6_BK_02_W255_20260416_09;W255_09;582.174000;78.882000;3.650;50;PLANCHER 02 (+00.00m)
CP1_GRA_TR6_BK_02_W255_20260416_10;W255_10;580.560000;78.874000;3.650;50;PLANCHER 02 (+00.00m)
CP1_GRA_TR6_BK_02_W255_20260416_11;W255_11;580.616000;81.005000;3.650;50;PLANCHER 02 (+00.00m)
CP1_GRA_TR6_BK_02_W255_20260416_12;W255_12;579.042000;80.337000;3.650;50;PLANCHER 02 (+00.00m)
CP1_GRA_TR6_BK_02_W255_20260422_13;W255_13;577.411000;81.138000;3.650;50;PLANCHER 02 (+00.00m)
CP1_GRA_TR6_BK_02_W255_20260422_14;W255_14;578.059000;82.909000;3.650;50;PLANCHER 02 (+00.00m)
CP1_GRA_TR6_BK_02_W255_20260422_15;W255_15;575.831000;82.947000;3.650;50;PLANCHER 02 (+00.00m)
CP1_GRA_TR6_BK_02_W255_20260422_16;W255_16;574.231000;85.442000;3.650;50;PLANCHER 02 (+00.00m)
CP1_GRA_TR6_BK_02_W255_20260422_17;W255_17;571.931000;86.866000;3.650;50;PLANCHER 02 (+00.00m)
CP1_GRA_TR6_BK_02_W255_20260422_18;W255_18;572.156000;88.305000;3.650;50;PLANCHER 02 (+00.00m)
CP1_GRA_TR6_BK_02_W255_20260422_19;W255_19;570.995000;88.404000;3.650;50;PLANCHER 02 (+00.00m)
CP1_GRA_TR6_BK_02_W255_20260422_20;W255_20;570.041000;90.033000;3.650;50;PLANCHER 02 (+00.00m)
CP1_GRA_TR6_BK_02_W255_20260422_21;W255_21;569.096000;91.736000;3.650;50;PLANCHER 02 (+00.00m)
CP1_GRA_TR6_BK_02_W255_20260422_22;W255_22;570.170000;92.280000;3.650;50;PLANCHER 02 (+00.00m)
CP1_GRA_TR6_BK_02_W255_20260422_23;W255_23;568.791000;94.030000;3.650;50;PLANCHER 02 (+00.00m)
CP1_GRA_TR6_BK_02_K257_20260422_01;K257_01;592.332000;80.334000;3.150;50;PLANCHER 02 (+00.00m)
CP1_GRA_TR6_BK_02_K257_20260422_02;K257_02;590.934000;78.955000;3.150;50;PLANCHER 02 (+00.00m)
CP1_GRA_TR6_BK_02_K257_20260422_03;K257_03;591.095000;80.263000;3.150;50;PLANCHER 02 (+00.00m)
CP1_GRA_TR6_BK_02_K257_20260422_04;K257_04;589.666000;79.941000;3.150;50;PLANCHER 02 (+00.00m)
CP1_GRA_TR6_BK_02_K257_20260422_05;K257_05;592.382000;79.096000;5.250;50;PLANCHER 02 (+00.00m)
CP1_GRA_TR6_BK_02_K257_20260422_06;K257_06;591.547000;80.313000;5.250;50;PLANCHER 02 (+00.00m)
CP1_GRA_TR6_BK_02_K257_20260422_07;K257_07;589.686000;79.136000;5.250;50;PLANCHER 02 (+00.00m)
CP1_GRA_TR6_BK_02_K257_20260422_08;K257_08;591.095000;79.740000;1.650;50;PLANCHER 02 (+00.00m)
CP1_GRA_TR6_BK_02_K257_20260422_09;K257_09;590.179000;80.173000;5.250;50;PLANCHER 02 (+00.00m)
CP1_GRA_TR6_BK_02_K257_20260422_10;K257_10;589.133000;79.478000;1.650;50;PLANCHER 02 (+00.00m)
CP1_GRA_TR6_BK_02_K252_20260609_05;K252_05;601.197000;68.140000;1.650;50;PLANCHER 02 (+00.00m)
CP1_GRA_TR6_BK_02_K252_20260609_06;K252_06;599.497000;64.495000;1.650;50;PLANCHER 02 (+00.00m)
CP1_GRA_TR6_BK_02_K250_20260609_01;K250_01;604.912000;66.652000;1.650;50;PLANCHER 02 (+00.00m)
CP1_GRA_TR6_BK_02_K250_20260609_02;K250_02;608.330000;64.552000;1.650;50;PLANCHER 02 (+00.00m)
CP1_GRA_TR6_BK_02_K250_20260609_03;K250_03;612.808000;64.655000;1.650;50;PLANCHER 02 (+00.00m)
CP1_GRA_TR6_BK_02_K270_20260609_01;K270_01;620.039000;65.152000;1.650;50;PLANCHER 02 (+00.00m)
CP1_GRA_TR6_BK_02_K270_20260609_02;K270_02;621.958000;64.881000;1.650;50;PLANCHER 02 (+00.00m)
CP1_GRA_TR6_BK_02_K270_20260609_03;K270_03;627.504000;65.075000;1.650;50;PLANCHER 02 (+00.00m)
CP1_GRA_TR6_BK_02_K270_20260609_04;K270_04;628.096000;68.479000;1.650;50;PLANCHER 02 (+00.00m)
CP1_GRA_TR6_BK_02_K270_20260609_05;K270_05;625.333000;68.652000;1.650;50;PLANCHER 02 (+00.00m)
CP1_GRA_TR6_BK_02_K270_20260609_06;K270_06;620.227000;68.627000;1.650;50;PLANCHER 02 (+00.00m)
CP1_GRA_TR6_BK_02_K250_20260609_04;K250_04;616.539000;68.804000;1.650;50;PLANCHER 02 (+00.00m)
CP1_GRA_TR6_BK_02_K250_20260609_05;K250_05;613.920000;69.028000;1.650;50;PLANCHER 02 (+00.00m)
CP1_GRA_TR6_BK_02_K250_20260609_06;K250_06;611.577000;69.498000;1.650;50;PLANCHER 02 (+00.00m)
CP1_GRA_TR6_BK_02_K250_20260609_07;K250_07;607.491000;69.348000;1.650;50;PLANCHER 02 (+00.00m)
CP1_GRA_TR6_BK_02_K250_20260609_08;K250_08;605.117000;69.883000;1.650;50;PLANCHER 02 (+00.00m)
CP1_GRA_TR6_BK_02_K250_20260609_09;K250_09;603.215000;69.987000;1.650;50;PLANCHER 02 (+00.00m)
CP1_GRA_TR6_BK_02_W251_20260610_01;W251_01;572.975000;77.262000;3.050;50;PLANCHER 02 (+00.00m)
CP1_GRA_TR6_BK_02_W251_20260610_02;W251_02;569.230000;76.707000;1.650;50;PLANCHER 02 (+00.00m)
CP1_GRA_TR6_BK_02_W251_20260610_03;W251_03;569.105000;75.090000;1.650;50;PLANCHER 02 (+00.00m)
CP1_GRA_TR6_BK_02_W251_20260610_04;W251_04;571.369000;76.415000;1.650;50;PLANCHER 02 (+00.00m)
CP1_GRA_TR6_BK_02_W251_20260610_05;W251_05;575.544000;76.710000;1.650;50;PLANCHER 02 (+00.00m)
CP1_GRA_TR6_BK_02_W251_20260610_06;W251_06;577.933000;76.312000;2.050;50;PLANCHER 02 (+00.00m)
CP1_GRA_TR6_BK_02_W251_20260610_07;W251_07;579.171000;74.826000;3.600;50;PLANCHER 02 (+00.00m)
CP1_GRA_TR6_BK_02_W251_20260610_08;W251_08;580.114000;74.501000;1.650;50;PLANCHER 02 (+00.00m)
CP1_GRA_TR6_BK_02_W251_20260610_09;W251_09;581.655000;75.498000;1.650;50;PLANCHER 02 (+00.00m)
CP1_GRA_TR6_BK_02_W251_20260610_10;W251_10;581.405000;71.902000;1.650;50;PLANCHER 02 (+00.00m)
CP1_GRA_TR6_BK_02_W251_20260610_11;W251_11;581.354000;69.497000;3.050;50;PLANCHER 02 (+00.00m)
CP1_GRA_TR6_BK_02_W251_20260610_12;W251_12;570.481000;64.180000;1.650;50;PLANCHER 02 (+00.00m)
CP1_GRA_TR6_BK_02_W251_20260610_13;W251_13;573.508000;64.198000;1.650;50;PLANCHER 02 (+00.00m)
CP1_GRA_TR6_BK_02_W251_20260610_14;W251_14;573.318000;63.966000;6.150;50;PLANCHER 02 (+00.00m)
CP1_GRA_TR6_BK_02_W251_20260610_25;W251_25;569.308000;63.132000;11.300;50;PLANCHER 02 (+00.00m)
CP1_GRA_TR6_BK_02_W251_20260610_15;W251_15;569.097000;65.066000;18.650;50;PLANCHER 02 (+00.00m)
CP1_GRA_TR6_BK_02_W251_20260610_16;W251_16;570.523000;63.837000;18.650;50;PLANCHER 02 (+00.00m)
CP1_GRA_TR6_BK_02_W251_20260610_17;W251_17;570.588000;66.256000;18.650;50;PLANCHER 02 (+00.00m)
CP1_GRA_TR6_BK_02_W251_20260610_18;W251_18;576.914000;64.447000;1.650;50;PLANCHER 02 (+00.00m)
CP1_GRA_TR6_BK_02_W251_20260610_19;W251_19;580.776000;66.895000;1.650;50;PLANCHER 02 (+00.00m)
CP1_GRA_TR6_BK_02_W251_20260610_20;W251_20;583.683000;66.143000;1.650;50;PLANCHER 02 (+00.00m)
CP1_GRA_TR6_BK_02_W251_20260610_21;W251_21;586.953000;67.139000;1.650;50;PLANCHER 02 (+00.00m)
CP1_GRA_TR6_BK_02_W251_20260610_22;W251_22;584.709000;69.889000;3.050;50;PLANCHER 02 (+00.00m)
CP1_GRA_TR6_BK_02_W251_20260610_23;W251_23;587.254000;70.075000;2.750;50;PLANCHER 02 (+00.00m)
CP1_GRA_TR6_BK_02_W251_20260610_24;W251_24;582.544000;67.975000;3.850;50;PLANCHER 02 (+00.00m)
CP1_GRA_TR6_BK_02_W255_20260326_24;W255_24;574.926000;83.983000;1.250;50;PLANCHER 02 (+00.00m)
CP1_GRA_TR6_BK_02_W255_20260326_25;W255_25;572.113000;86.713000;1.250;50;PLANCHER 02 (+00.00m)
CP1_GRA_TR6_BK_02_W255_20260326_26;W255_26;577.053000;82.412000;1.250;50;PLANCHER 02 (+00.00m)
CP1_GRA_TR6_BK_02_W255_20260326_27;W255_27;579.623000;80.844000;1.250;50;PLANCHER 02 (+00.00m)
CP1_GRA_TR6_BK_02_W255_20260326_28;W255_28;581.035000;78.893000;1.250;50;PLANCHER 02 (+00.00m)
CP1_GRA_TR6_BK_02_W255_20260326_29;W255_29;582.886000;80.239000;1.250;50;PLANCHER 02 (+00.00m)
CP1_GRA_TR6_BK_02_W255_20260326_30;W255_30;584.799000;79.286000;1.650;50;PLANCHER 02 (+00.00m)
CP1_GRA_TR6_BK_02_W255_20260326_31;W255_31;587.642000;79.133000;1.650;50;PLANCHER 02 (+00.00m)
CP1_GRA_TR6_BK_02_K256_20260326_34;K256_34;587.734000;77.112000;1.650;50;PLANCHER 02 (+00.00m)
CP1_GRA_TR6_BK_02_K256_20260326_35;K256_35;584.342000;75.312000;1.650;50;PLANCHER 02 (+00.00m)
CP1_GRA_TR6_BK_02_K256_20260326_36;K256_36;586.483000;72.633000;1.650;50;PLANCHER 02 (+00.00m)
CP1_GRA_TR6_BK_02_K256_20260326_37;K256_37;581.840000;77.114000;1.650;50;PLANCHER 02 (+00.00m)
CP1_GRA_TR6_BK_02_K256_20260326_38;K256_38;578.837000;77.464000;1.650;50;PLANCHER 02 (+00.00m)
CP1_GRA_TR6_BK_03_K358_20260423_01;K358_01;615.131000;85.487000;6.450;50;PLANCHER 03 (+06.30m)
CP1_GRA_TR6_BK_03_K358_20260423_02;K358_02;613.495000;85.426000;6.450;50;PLANCHER 03 (+06.30m)
CP1_GRA_TR6_BK_03_W355_20260617_01;W355_01;569.249000;80.154000;7.950;50;PLANCHER 03 (+06.30m)
CP1_GRA_TR6_BK_03_W355_20260617_02;W355_02;570.122000;78.851000;7.950;50;PLANCHER 03 (+06.30m)
CP1_GRA_TR6_BK_03_W355_20260617_03;W355_03;572.360000;79.129000;7.500;50;PLANCHER 03 (+06.30m)
CP1_GRA_TR6_BK_03_W355_20260617_04;W355_04;574.071000;79.156000;7.950;50;PLANCHER 03 (+06.30m)
CP1_GRA_TR6_BK_03_W355_20260617_05;W355_05;575.625000;79.230000;7.950;50;PLANCHER 03 (+06.30m)
CP1_GRA_TR6_BK_03_W355_20260617_06;W355_06;577.402000;79.415000;7.950;50;PLANCHER 03 (+06.30m)
CP1_GRA_TR6_BK_03_W355_20260617_07;W355_07;579.308000;79.211000;7.950;50;PLANCHER 03 (+06.30m)
CP1_GRA_TR6_BK_03_W355_20260617_08;W355_08;581.010000;78.860000;7.950;50;PLANCHER 03 (+06.30m)
CP1_GRA_TR6_BK_03_K358_20260422_03;K358_03;613.688000;82.240000;7.950;50;PLANCHER 03 (+06.30m)
CP1_GRA_TR6_BK_03_K358_20260422_04;K358_04;613.688000;80.080000;7.950;50;PLANCHER 03 (+06.30m)
CP1_GRA_TR6_BK_03_K358_20260422_05;K358_05;617.111000;80.686000;7.950;50;PLANCHER 03 (+06.30m)
CP1_GRA_TR6_BK_03_K358_20260422_06;K358_06;617.240000;82.259000;7.950;50;PLANCHER 03 (+06.30m)
CP1_GRA_TR6_BK_03_K358_20260422_07;K358_07;615.291000;85.393000;9.650;50;PLANCHER 03 (+06.30m)
CP1_GRA_TR6_BK_03_K358_20260422_08;K358_08;613.500000;85.288000;9.650;50;PLANCHER 03 (+06.30m)
CP1_GRA_TR6_BK_03_K356_20260422_01;K356_01;617.047000;77.742000;7.950;50;PLANCHER 03 (+06.30m)
CP1_GRA_TR6_BK_03_K356_20260422_02;K356_02;615.159000;77.672000;7.950;50;PLANCHER 03 (+06.30m)
CP1_GRA_TR6_BK_03_K356_20260422_03;K356_03;612.409000;77.532000;7.950;50;PLANCHER 03 (+06.30m)
CP1_GRA_TR6_BK_03_K356_20260422_04;K356_04;613.854000;78.581000;7.950;50;PLANCHER 03 (+06.30m)
CP1_GRA_TR6_BK_03_K356_20260422_05;K356_05;610.010000;77.336000;7.950;50;PLANCHER 03 (+06.30m)
CP1_GRA_TR6_BK_03_K356_20260422_06;K356_06;607.647000;77.336000;7.950;50;PLANCHER 03 (+06.30m)
CP1_GRA_TR6_BK_03_K356_20260422_07;K356_07;605.475000;77.312000;7.950;50;PLANCHER 03 (+06.30m)
CP1_GRA_TR6_BK_03_K356_20260422_08;K356_08;616.573000;75.283000;7.950;50;PLANCHER 03 (+06.30m)
CP1_GRA_TR6_BK_03_K356_20260422_09;K356_09;613.709000;75.212000;7.950;50;PLANCHER 03 (+06.30m)
CP1_GRA_TR6_BK_03_K356_20260422_10;K356_10;609.747000;75.068000;7.950;50;PLANCHER 03 (+06.30m)
CP1_GRA_TR6_BK_03_K356_20260422_11;K356_11;607.432000;75.068000;7.950;50;PLANCHER 03 (+06.30m)
CP1_GRA_TR6_BK_03_K356_20260422_12;K356_12;605.395000;75.143000;7.950;50;PLANCHER 03 (+06.30m)
CP1_GRA_TR6_BK_03_K356_20260422_13;K356_13;603.712000;74.582000;7.950;50;PLANCHER 03 (+06.30m)
CP1_GRA_TR6_BK_03_K356_20260422_14;K356_14;604.127000;71.753000;7.950;50;PLANCHER 03 (+06.30m)
CP1_GRA_TR6_BK_03_K356_20260422_15;K356_15;605.395000;73.387000;7.950;50;PLANCHER 03 (+06.30m)
CP1_GRA_TR6_BK_03_K356_20260422_16;K356_16;605.517000;70.607000;7.950;50;PLANCHER 03 (+06.30m)
CP1_GRA_TR6_BK_03_K356_20260422_17;K356_17;608.516000;72.728000;7.950;50;PLANCHER 03 (+06.30m)
CP1_GRA_TR6_BK_03_K356_20260422_18;K356_18;609.150000;70.022000;7.950;50;PLANCHER 03 (+06.30m)
CP1_GRA_TR6_BK_03_K356_20260422_19;K356_19;609.150000;65.827000;7.950;50;PLANCHER 03 (+06.30m)
CP1_GRA_TR6_BK_03_K356_20260422_20;K356_20;611.345000;67.998000;7.950;50;PLANCHER 03 (+06.30m)
CP1_GRA_TR6_BK_03_K356_20260422_21;K356_21;610.877000;72.776000;7.950;50;PLANCHER 03 (+06.30m)
CP1_GRA_TR6_BK_03_K356_20260422_22;K356_22;613.387000;72.843000;7.950;50;PLANCHER 03 (+06.30m)
CP1_GRA_TR6_BK_03_K356_20260422_23;K356_23;614.625000;70.734000;7.950;50;PLANCHER 03 (+06.30m)
CP1_GRA_TR6_BK_03_K356_20260422_24;K356_24;616.633000;72.307000;7.950;50;PLANCHER 03 (+06.30m)
CP1_GRA_TR6_BK_03_W251_20260423_01;W251_01;586.969000;76.862000;7.950;50;PLANCHER 03 (+06.30m)
CP1_GRA_TR6_BK_03_W251_20260423_02;W251_02;584.531000;75.406000;7.950;50;PLANCHER 03 (+06.30m)
CP1_GRA_TR6_BK_03_W251_20260423_03;W251_03;581.507000;76.633000;7.950;50;PLANCHER 03 (+06.30m)
CP1_GRA_TR6_BK_03_W251_20260423_04;W251_04;578.740000;76.747000;7.950;50;PLANCHER 03 (+06.30m)
CP1_GRA_TR6_BK_03_W251_20260423_05;W251_05;581.817000;74.102000;8.250;50;PLANCHER 03 (+06.30m)
CP1_GRA_TR6_BK_03_W251_20260423_06;W251_06;583.021000;71.746000;7.950;50;PLANCHER 03 (+06.30m)
CP1_GRA_TR6_BK_03_W251_20260423_07;W251_07;585.529000;72.680000;7.950;50;PLANCHER 03 (+06.30m)
CP1_GRA_TR6_BK_03_W251_20260423_08;W251_08;585.950000;74.734000;7.950;50;PLANCHER 03 (+06.30m)
CP1_GRA_TR6_BK_03_W255_20260617_01;W255_01;582.618000;78.652000;7.950;50;PLANCHER 03 (+06.30m)
CP1_GRA_TR6_BK_03_W355_20260617_09;W355_09;582.145000;79.633000;7.500;50;PLANCHER 03 (+06.30m)
CP1_GRA_TR6_BK_03_W355_20260617_10;W355_10;584.053000;80.385000;7.950;50;PLANCHER 03 (+06.30m)
CP1_GRA_TR6_BK_03_W355_20260617_11;W355_11;587.100000;79.633000;7.950;50;PLANCHER 03 (+06.30m)
CP1_GRA_TR6_BK_03_W355_20260617_12;W355_12;580.272000;80.455000;7.950;50;PLANCHER 03 (+06.30m)
CP1_GRA_TR6_BK_03_W355_20260617_13;W355_13;578.364000;81.558000;7.950;50;PLANCHER 03 (+06.30m)
CP1_GRA_TR6_BK_03_W355_20260617_14;W355_14;576.734000;82.717000;7.950;50;PLANCHER 03 (+06.30m)
CP1_GRA_TR6_BK_03_W355_20260617_15;W355_15;574.601000;84.158000;7.950;50;PLANCHER 03 (+06.30m)
CP1_GRA_TR6_BK_03_W355_20260617_16;W355_16;573.015000;85.280000;7.950;50;PLANCHER 03 (+06.30m)
CP1_GRA_TR6_BK_03_W355_20260617_17;W355_17;572.773000;87.226000;8.350;50;PLANCHER 03 (+06.30m)
CP1_GRA_TR6_BK_03_W355_20260617_18;W355_18;569.734000;85.168000;7.950;50;PLANCHER 03 (+06.30m)
CP1_GRA_TR6_BK_03_W355_20260617_19;W355_19;569.660000;82.730000;7.950;50;PLANCHER 03 (+06.30m)
CP1_GRA_TR6_BK_03_W355_20260617_20;W355_20;571.116000;81.485000;7.950;50;PLANCHER 03 (+06.30m)
CP1_GRA_TR6_BK_03_W355_20260617_21;W355_21;573.248000;81.469000;7.950;50;PLANCHER 03 (+06.30m)
CP1_GRA_TR6_BK_03_W355_20260617_22;W355_22;575.224000;81.381000;7.950;50;PLANCHER 03 (+06.30m)
CP1_GRA_TR6_BK_04_K458_20260422_01;K458_01;613.437000;82.391000;11.650;50;PLANCHER 04 (+10.00m)
CP1_GRA_TR6_BK_04_K458_20260422_02;K458_02;615.007000;82.443000;11.650;50;PLANCHER 04 (+10.00m)
CP1_GRA_TR6_BK_04_K458_20260422_03;K458_03;617.004000;83.067000;11.650;50;PLANCHER 04 (+10.00m)
CP1_GRA_TR6_BK_04_K458_20260422_04;K458_04;617.222000;80.509000;11.650;50;PLANCHER 04 (+10.00m)
CP1_GRA_TR6_BK_04_K458_20260422_05;K458_05;613.868000;80.025000;11.700;50;PLANCHER 04 (+10.00m)
CP1_GRA_TR6_BK_04_K456_20260422_01;K456_01;613.806000;77.888000;11.650;50;PLANCHER 04 (+10.00m)
CP1_GRA_TR6_BK_04_K456_20260422_02;K456_02;612.230000;76.889000;11.650;50;PLANCHER 04 (+10.00m)
CP1_GRA_TR6_BK_04_K456_20260422_03;K456_03;610.685000;76.998000;11.650;50;PLANCHER 04 (+10.00m)
CP1_GRA_TR6_BK_04_K456_20260422_04;K456_04;609.250000;77.357000;11.650;50;PLANCHER 04 (+10.00m)
CP1_GRA_TR6_BK_04_K456_20260422_05;K456_05;607.269000;77.264000;11.650;50;PLANCHER 04 (+10.00m)
CP1_GRA_TR6_BK_04_K456_20260422_06;K456_06;605.225000;77.217000;11.650;50;PLANCHER 04 (+10.00m)
CP1_GRA_TR6_BK_04_K456_20260422_07;K456_07;613.523000;75.473000;11.650;50;PLANCHER 04 (+10.00m)
CP1_GRA_TR6_BK_04_K456_20260422_08;K456_08;613.556000;73.566000;11.650;50;PLANCHER 04 (+10.00m)
CP1_GRA_TR6_BK_04_K456_20260422_09;K456_09;611.575000;72.271000;11.650;50;PLANCHER 04 (+10.00m)
CP1_GRA_TR6_BK_04_K456_20260422_10;K456_10;610.232000;72.228000;11.650;50;PLANCHER 04 (+10.00m)
CP1_GRA_TR6_BK_04_K456_20260422_11;K456_11;609.327000;71.557000;11.650;50;PLANCHER 04 (+10.00m)
CP1_GRA_TR6_BK_04_K456_20260422_12;K456_12;609.253000;73.513000;13.250;50;PLANCHER 04 (+10.00m)
CP1_GRA_TR6_BK_04_K456_20260422_13;K456_13;611.566000;70.936000;11.650;50;PLANCHER 04 (+10.00m)
CP1_GRA_TR6_BK_04_K456_20260422_14;K456_14;611.621000;69.789000;11.650;50;PLANCHER 04 (+10.00m)
CP1_GRA_TR6_BK_04_K456_20260422_15;K456_15;611.666000;68.379000;11.650;50;PLANCHER 04 (+10.00m)
CP1_GRA_TR6_BK_04_K456_20260422_16;K456_16;610.344000;66.646000;11.650;50;PLANCHER 04 (+10.00m)
CP1_GRA_TR6_BK_04_K456_20260422_17;K456_17;611.644000;65.072000;11.650;50;PLANCHER 04 (+10.00m)
CP1_GRA_TR6_BK_04_W455_20260616_01;W455_01;571.092000;85.928000;11.650;50;PLANCHER 04 (+10.00m)
CP1_GRA_TR6_BK_04_W455_20260616_02;W455_02;570.195000;85.434000;11.650;50;PLANCHER 04 (+10.00m)
CP1_GRA_TR6_BK_04_W455_20260616_03;W455_03;568.702000;85.537000;11.650;50;PLANCHER 04 (+10.00m)
CP1_GRA_TR6_BK_04_W455_20260616_04;W455_04;568.728000;84.732000;11.650;50;PLANCHER 04 (+10.00m)
CP1_GRA_TR6_BK_04_W455_20260616_05;W455_05;572.078000;86.888000;11.650;50;PLANCHER 04 (+10.00m)
CP1_GRA_TR6_BK_04_W455_20260616_06;W455_06;572.402000;86.018000;11.650;50;PLANCHER 04 (+10.00m)
CP1_GRA_TR6_BK_04_W455_20260616_07;W455_07;573.519000;86.265000;11.200;50;PLANCHER 04 (+10.00m)
CP1_GRA_TR6_BK_04_W455_20260616_08;W455_08;574.688000;85.070000;11.200;50;PLANCHER 04 (+10.00m)
CP1_GRA_TR6_BK_04_W455_20260616_09;W455_09;574.337000;83.512000;11.650;50;PLANCHER 04 (+10.00m)
CP1_GRA_TR6_BK_04_K458_20260422_06;K458_06;615.263000;85.549000;13.350;50;PLANCHER 04 (+10.00m)
CP1_GRA_TR6_BK_04_K458_20260422_07;K458_07;613.398000;85.549000;13.350;50;PLANCHER 04 (+10.00m)
CP1_GRA_TR6_BK_04_W251_20260423_01;W251_01;587.380000;71.973000;11.650;50;PLANCHER 04 (+10.00m)
CP1_GRA_TR6_BK_04_K456_20260609_18;K456_18;615.640000;77.896000;11.650;50;PLANCHER 04 (+10.00m)
CP1_GRA_TR6_BK_04_K456_20260609_19;K456_19;615.271000;76.036000;11.650;50;PLANCHER 04 (+10.00m)
CP1_GRA_TR6_BK_04_K456_20260609_20;K456_20;615.285000;73.839000;11.650;50;PLANCHER 04 (+10.00m)
CP1_GRA_TR6_BK_04_K456_20260609_21;K456_21;617.173000;75.121000;11.650;50;PLANCHER 04 (+10.00m)
CP1_GRA_TR6_BK_04_K456_20260609_22;K456_22;616.651000;72.374000;11.650;50;PLANCHER 04 (+10.00m)
CP1_GRA_TR6_BK_04_K456_20260609_23;K456_23;614.468000;72.585000;11.650;50;PLANCHER 04 (+10.00m)
CP1_GRA_TR6_BK_04_K456_20260609_24;K456_24;615.877000;70.373000;11.650;50;PLANCHER 04 (+10.00m)
CP1_GRA_TR6_BK_04_K456_20260609_25;K456_25;613.820000;71.204000;11.650;50;PLANCHER 04 (+10.00m)
CP1_GRA_TR6_BK_04_K456_20260609_26;K456_26;604.420000;71.126000;11.650;50;PLANCHER 04 (+10.00m)
CP1_GRA_TR6_BK_04_K456_20260609_27;K456_27;606.436000;71.082000;11.650;50;PLANCHER 04 (+10.00m)
CP1_GRA_TR6_BK_04_K456_20260609_28;K456_28;608.022000;71.389000;11.650;50;PLANCHER 04 (+10.00m)
CP1_GRA_TR6_BK_04_W455_20260616_10;W455_10;577.565000;81.561000;11.650;50;PLANCHER 04 (+10.00m)
CP1_GRA_TR6_BK_04_W455_20260616_11;W455_11;577.698000;78.985000;11.650;50;PLANCHER 04 (+10.00m)
CP1_GRA_TR6_BK_04_W455_20260616_12;W455_12;579.212000;80.419000;11.650;50;PLANCHER 04 (+10.00m)
CP1_GRA_TR6_BK_04_W455_20260616_13;W455_13;580.487000;80.392000;11.650;50;PLANCHER 04 (+10.00m)
CP1_GRA_TR6_BK_04_W455_20260616_14;W455_14;583.169000;80.180000;11.650;50;PLANCHER 04 (+10.00m)
CP1_GRA_TR6_BK_04_W455_20260616_15;W455_15;585.713000;79.712000;11.650;50;PLANCHER 04 (+10.00m)
CP1_GRA_TR6_BK_04_W455_20260616_16;W455_16;587.801000;79.556000;11.650;50;PLANCHER 04 (+10.00m)
CP1_GRA_TR6_BK_04_W455_20260616_17;W455_17;588.035000;78.787000;11.650;50;PLANCHER 04 (+10.00m)
CP1_GRA_TR6_BK_04_W455_20260616_18;W455_18;582.137000;78.672000;11.650;50;PLANCHER 04 (+10.00m)
CP1_GRA_TR6_BK_04_W455_20260616_19;W455_19;575.210000;80.104000;11.650;50;PLANCHER 04 (+10.00m)
CP1_GRA_TR6_BK_04_W455_20260616_20;W455_20;573.173000;81.611000;11.650;50;PLANCHER 04 (+10.00m)
CP1_GRA_TR6_BK_04_W455_20260616_21;W455_21;573.167000;83.163000;11.650;50;PLANCHER 04 (+10.00m)
CP1_GRA_TR6_BK_05_W455_20260616_01;W455_01;587.957000;78.659000;15.900;50;PLANCHER 05 (+14.25m)
CP1_GRA_TR6_BK_05_W555_20260616_01;W555_01;587.967000;79.625000;15.900;50;PLANCHER 05 (+14.25m)
CP1_GRA_TR6_BK_05_W555_20260616_02;W555_02;582.817000;80.225000;15.900;50;PLANCHER 05 (+14.25m)
CP1_GRA_TR6_BK_05_W555_20260616_03;W555_03;579.618000;79.437000;15.900;50;PLANCHER 05 (+14.25m)
CP1_GRA_TR6_BK_05_W555_20260616_04;W555_04;577.742000;80.904000;15.900;50;PLANCHER 05 (+14.25m)
CP1_GRA_TR6_BK_05_W555_20260616_05;W555_05;576.671000;83.800000;15.900;50;PLANCHER 05 (+14.25m)
CP1_GRA_TR6_BK_05_W555_20260616_06;W555_06;573.547000;84.421000;15.900;50;PLANCHER 05 (+14.25m)
CP1_GRA_TR6_BK_05_W555_20260616_07;W555_07;569.273000;85.251000;15.900;50;PLANCHER 05 (+14.25m)
CP1_GRA_TR6_BK_05_W555_20260616_08;W555_08;571.055000;85.819000;15.900;50;PLANCHER 05 (+14.25m)
CP1_GRA_TR6_BK_05_W555_20260616_09;W555_09;572.230000;86.933000;15.900;50;PLANCHER 05 (+14.25m)
CP1_GRA_TR6_BK_05_W555_20260616_10;W555_10;575.341000;80.178000;15.900;50;PLANCHER 05 (+14.25m)
CP1_GRA_TR6_BK_05_W555_20260616_11;W555_11;575.052000;78.774000;15.900;50;PLANCHER 05 (+14.25m)
CP1_GRA_TR6_BK_05_W555_20260616_12;W555_12;568.837000;83.347000;15.900;50;PLANCHER 05 (+14.25m)
CP1_GRA_TR6_BK_05_K558_20260422_01;K558_01;613.623000;82.294000;15.900;50;PLANCHER 05 (+14.25m)
CP1_GRA_TR6_BK_05_K558_20260422_02;K558_02;615.054000;80.798000;15.900;50;PLANCHER 05 (+14.25m)
CP1_GRA_TR6_BK_05_K558_20260422_03;K558_03;617.444000;80.749000;15.900;50;PLANCHER 05 (+14.25m)
CP1_GRA_TR6_BK_05_K558_20260422_04;K558_04;617.493000;82.603000;15.900;50;PLANCHER 05 (+14.25m)
CP1_GRA_TR6_BK_05_K558_20260422_05;K558_05;615.135000;82.944000;15.900;50;PLANCHER 05 (+14.25m)
CP1_GRA_TR6_BK_05_K558_20260422_06;K558_06;614.436000;85.562000;17.600;50;PLANCHER 05 (+14.25m)
CP1_GRA_TR6_BK_05_K562_20260422_01;K562_01;613.869000;78.823000;15.900;50;PLANCHER 05 (+14.25m)
CP1_GRA_TR6_BK_05_K562_20260422_02;K562_02;612.766000;77.569000;15.900;50;PLANCHER 05 (+14.25m)
CP1_GRA_TR6_BK_05_K562_20260422_03;K562_03;610.487000;77.769000;15.900;50;PLANCHER 05 (+14.25m)
CP1_GRA_TR6_BK_05_K562_20260422_04;K562_04;608.696000;77.769000;15.900;50;PLANCHER 05 (+14.25m)
CP1_GRA_TR6_BK_05_K563_20260422_01;K563_01;609.366000;76.156000;15.900;50;PLANCHER 05 (+14.25m)
CP1_GRA_TR6_BK_05_K562_20260422_05;K562_05;606.372000;77.826000;15.900;50;PLANCHER 05 (+14.25m)
CP1_GRA_TR6_BK_05_K562_20260422_06;K562_06;603.795000;77.488000;15.900;50;PLANCHER 05 (+14.25m)
CP1_GRA_TR6_BK_05_K562_20260422_07;K562_07;603.742000;75.848000;15.900;50;PLANCHER 05 (+14.25m)
CP1_GRA_TR6_BK_05_K562_20260422_08;K562_08;603.789000;74.260000;15.900;50;PLANCHER 05 (+14.25m)
CP1_GRA_TR6_BK_05_K562_20260422_09;K562_09;614.894000;77.600000;15.900;50;PLANCHER 05 (+14.25m)
CP1_GRA_TR6_BK_05_K564_20260422_01;K564_01;616.720000;77.779000;15.900;50;PLANCHER 05 (+14.25m)
CP1_GRA_TR6_BK_05_K556_20260423_01;K556_01;616.782000;75.685000;15.900;50;PLANCHER 05 (+14.25m)
CP1_GRA_TR6_BK_05_K556_20260423_02;K556_02;612.849000;75.048000;15.900;50;PLANCHER 05 (+14.25m)
CP1_GRA_TR6_BK_05_K556_20260423_03;K556_03;610.442000;72.553000;15.900;50;PLANCHER 05 (+14.25m)
CP1_GRA_TR6_BK_05_K556_20260423_04;K556_04;612.878000;71.224000;15.900;50;PLANCHER 05 (+14.25m)
CP1_GRA_TR6_BK_05_K556_20260423_05;K556_05;616.939000;70.501000;15.900;50;PLANCHER 05 (+14.25m)
CP1_GRA_TR6_BK_05_K556_20260423_06;K556_06;616.842000;73.342000;15.900;50;PLANCHER 05 (+14.25m)
CP1_GRA_TR6_BK_05_K560_20260423_01;K560_01;607.940000;76.060000;15.900;50;PLANCHER 05 (+14.25m)
CP1_GRA_TR6_BK_05_K560_20260423_02;K560_02;607.908000;74.286000;15.900;50;PLANCHER 05 (+14.25m)
CP1_GRA_TR6_BK_05_K560_20260423_03;K560_03;606.486000;74.370000;15.900;50;PLANCHER 05 (+14.25m)
CP1_GRA_TR6_BK_05_K560_20260423_04;K560_04;604.915000;74.342000;15.900;50;PLANCHER 05 (+14.25m)
CP1_GRA_TR6_BK_05_K560_20260423_05;K560_05;607.908000;72.612000;15.900;50;PLANCHER 05 (+14.25m)
CP1_GRA_TR6_BK_05_K560_20260423_06;K560_06;603.943000;72.699000;15.900;50;PLANCHER 05 (+14.25m)
CP1_GRA_TR6_BK_05_K560_20260423_07;K560_07;605.142000;70.748000;15.900;50;PLANCHER 05 (+14.25m)
CP1_GRA_TR6_BK_05_K556_20260423_07;K556_07;609.723000;73.588000;17.450;50;PLANCHER 05 (+14.25m)
CP1_GRA_TR6_BK_05_K556_20260423_08;K556_08;609.434000;73.781000;19.450;50;PLANCHER 05 (+14.25m)
CP1_GRA_TR6_BK_05_K556_20260423_09;K556_09;611.688000;70.929000;15.900;50;PLANCHER 05 (+14.25m)
CP1_GRA_TR6_BK_05_K551_20260423_01;K551_01;611.237000;68.535000;15.900;50;PLANCHER 05 (+14.25m)
CP1_GRA_TR6_BK_05_K551_20260423_02;K551_02;609.249000;68.546000;15.900;50;PLANCHER 05 (+14.25m)
CP1_GRA_TR6_BK_05_K551_20260423_03;K551_03;608.933000;64.921000;15.900;50;PLANCHER 05 (+14.25m)
CP1_GRA_TR6_BK_05_K551_20260423_04;K551_04;611.643000;65.091000;15.900;50;PLANCHER 05 (+14.25m)
CP1_GRA_TR6_BK_05_K551_20260423_05;K551_05;611.519000;65.588000;17.900;50;PLANCHER 05 (+14.25m)
CP1_GRA_TR6_BK_05_K551_20260423_06;K551_06;611.733000;68.399000;17.900;50;PLANCHER 05 (+14.25m)
CP1_GRA_TR6_BK_05_K551_20260423_07;K551_07;608.888000;68.207000;17.900;50;PLANCHER 05 (+14.25m)
CP1_GRA_TR6_BK_05_K551_20260423_08;K551_08;608.888000;65.373000;17.900;50;PLANCHER 05 (+14.25m)
CP1_GRA_TR6_BK_05_K561_20260423_01;K561_01;609.435000;71.070000;15.900;50;PLANCHER 05 (+14.25m)
CP1_GRA_TR6_BK_05_K563_20260423_02;K563_02;609.729000;75.660000;17.900;50;PLANCHER 05 (+14.25m)
CP1_GRA_TR6_BK_05_K563_20260423_03;K563_03;609.903000;75.616000;19.900;50;PLANCHER 05 (+14.25m)
CP1_GRA_TR6_BK_05_K558_20260423_07;K558_07;594.642000;95.035000;15.900;50;PLANCHER 05 (+14.25m)
CP1_GRA_TR6_BK_05_K558_20260423_08;K558_08;594.927000;92.806000;15.900;50;PLANCHER 05 (+14.25m)
CP1_GRA_TR6_BK_05_K558_20260423_09;K558_09;598.425000;92.843000;15.900;50;PLANCHER 05 (+14.25m)
CP1_GRA_TR6_BK_05_K558_20260423_10;K558_10;598.402000;94.885000;15.900;50;PLANCHER 05 (+14.25m)
CP1_GRA_TR6_BK_05_K558_20260423_11;K558_11;595.475000;98.084000;17.600;50;PLANCHER 05 (+14.25m)
CP1_GRA_TR6_BK_05_W251_20260423_01;W251_01;587.393000;76.961000;15.900;50;PLANCHER 05 (+14.25m)
CP1_GRA_TR6_BK_05_W555_20260616_13;W555_13;573.182000;82.086000;15.900;50;PLANCHER 05 (+14.25m)
CP1_GRA_TR6_BK_05_W555_20260616_14;W555_14;570.952000;81.865000;15.900;50;PLANCHER 05 (+14.25m)
CP1_GRA_TR6_BK_05_W555_20260616_15;W555_15;569.085000;81.817000;15.900;50;PLANCHER 05 (+14.25m)
CP1_GRA_TR6_BK_05_W555_20260616_16;W555_16;568.896000;80.235000;15.900;50;PLANCHER 05 (+14.25m)
CP1_GRA_TR6_BK_05_W555_20260616_17;W555_17;569.133000;78.638000;15.900;50;PLANCHER 05 (+14.25m)
CP1_GRA_TR6_BK_05_W555_20260616_18;W555_18;572.360000;78.891000;15.900;50;PLANCHER 05 (+14.25m)
CP1_GRA_TR6_BK_05_W555_20260616_19;W555_19;573.942000;79.322000;15.900;50;PLANCHER 05 (+14.25m)
CP1_GRA_TR6_BK_05_W555_20260616_20;W555_20;576.158000;82.509000;19.500;50;PLANCHER 05 (+14.25m)
CP1_GRA_TR6_BK_05_W555_20260616_21;W555_21;577.130000;81.535000;19.500;50;PLANCHER 05 (+14.25m)
CP1_GRA_TR6_BK_07_K756_20260610_01;K756_01;613.844000;78.437000;21.650;50;PLANCHER 07 (+20.00m)
CP1_GRA_TR6_BK_07_K756_20260610_02;K756_02;616.940000;76.881000;21.200;50;PLANCHER 07 (+20.00m)
CP1_GRA_TR6_BK_07_K756_20260610_03;K756_03;616.458000;77.970000;21.650;50;PLANCHER 07 (+20.00m)
CP1_GRA_TR6_BK_07_K756_20260610_04;K756_04;616.893000;74.873000;21.650;50;PLANCHER 07 (+20.00m)
CP1_GRA_TR6_BK_07_K756_20260610_05;K756_05;616.442000;71.652000;21.650;50;PLANCHER 07 (+20.00m)
CP1_GRA_TR6_BK_07_K756_20260610_06;K756_06;617.267000;69.878000;21.650;50;PLANCHER 07 (+20.00m)
CP1_GRA_TR6_BK_07_K756_20260610_07;K756_07;617.376000;67.295000;21.650;50;PLANCHER 07 (+20.00m)
CP1_GRA_TR6_BK_07_K756_20260610_08;K756_08;617.376000;64.277000;21.650;50;PLANCHER 07 (+20.00m)
CP1_GRA_TR6_BK_07_K756_20260610_09;K756_09;614.217000;64.152000;21.650;50;PLANCHER 07 (+20.00m)
CP1_GRA_TR6_BK_07_K756_20260610_10;K756_10;612.319000;63.965000;21.650;50;PLANCHER 07 (+20.00m)
CP1_GRA_TR6_BK_07_K756_20260610_11;K756_11;610.420000;63.950000;21.650;50;PLANCHER 07 (+20.00m)
CP1_GRA_TR6_BK_07_K756_20260610_12;K756_12;607.479000;64.214000;21.650;50;PLANCHER 07 (+20.00m)
CP1_GRA_TR6_BK_07_K756_20260610_13;K756_13;607.510000;66.580000;21.650;50;PLANCHER 07 (+20.00m)
CP1_GRA_TR6_BK_07_K756_20260610_14;K756_14;607.604000;69.100000;21.650;50;PLANCHER 07 (+20.00m)
CP1_GRA_TR6_BK_07_K756_20260610_15;K756_15;605.985000;64.059000;21.650;50;PLANCHER 07 (+20.00m)
CP1_GRA_TR6_BK_07_K756_20260610_16;K756_16;602.468000;64.439000;21.650;50;PLANCHER 07 (+20.00m)
CP1_GRA_TR6_BK_07_K756_20260610_17;K756_17;599.993000;64.326000;21.650;50;PLANCHER 07 (+20.00m)
CP1_GRA_TR6_BK_07_K756_20260610_18;K756_18;598.795000;64.498000;21.650;50;PLANCHER 07 (+20.00m)
CP1_GRA_TR6_BK_07_K756_20260610_19;K756_19;597.908000;64.482000;21.650;50;PLANCHER 07 (+20.00m)
CP1_GRA_TR6_BK_07_K756_20260610_20;K756_20;595.588000;64.718000;21.650;50;PLANCHER 07 (+20.00m)
CP1_GRA_TR6_BK_07_K756_20260610_21;K756_21;595.051000;64.216000;21.650;50;PLANCHER 07 (+20.00m)
CP1_GRA_TR6_BK_07_K756_20260610_22;K756_22;592.732000;64.165000;21.650;50;PLANCHER 07 (+20.00m)
CP1_GRA_TR6_BK_07_K756_20260610_23;K756_23;590.031000;64.476000;21.650;50;PLANCHER 07 (+20.00m)
CP1_GRA_TR6_BK_07_K756_20260610_24;K756_24;589.957000;66.010000;21.650;50;PLANCHER 07 (+20.00m)
CP1_GRA_TR6_BK_07_K756_20260610_25;K756_25;589.928000;67.755000;21.650;50;PLANCHER 07 (+20.00m)
CP1_GRA_TR6_BK_07_K756_20260610_26;K756_26;589.978000;70.073000;21.650;50;PLANCHER 07 (+20.00m)
CP1_GRA_TR6_BK_07_K756_20260610_27;K756_27;589.957000;72.745000;21.650;50;PLANCHER 07 (+20.00m)
CP1_GRA_TR6_BK_07_K756_20260610_28;K756_28;589.837000;75.576000;21.650;50;PLANCHER 07 (+20.00m)
CP1_GRA_TR6_BK_07_K756_20260610_29;K756_29;589.910000;78.222000;21.650;50;PLANCHER 07 (+20.00m)
CP1_GRA_TR6_BK_07_K756_20260610_30;K756_30;591.250000;78.057000;21.650;50;PLANCHER 07 (+20.00m)
CP1_GRA_TR6_BK_07_K756_20260610_31;K756_31;592.872000;78.010000;21.650;50;PLANCHER 07 (+20.00m)
CP1_GRA_TR6_BK_07_K756_20260610_32;K756_32;594.705000;77.987000;21.650;50;PLANCHER 07 (+20.00m)
CP1_GRA_TR6_BK_07_K756_20260610_33;K756_33;596.280000;77.940000;21.650;50;PLANCHER 07 (+20.00m)
CP1_GRA_TR6_BK_07_K756_20260610_34;K756_34;597.657000;77.830000;21.650;50;PLANCHER 07 (+20.00m)
CP1_GRA_TR6_BK_07_K756_20260610_35;K756_35;599.438000;77.846000;21.650;50;PLANCHER 07 (+20.00m)
CP1_GRA_TR6_BK_07_K756_20260610_36;K756_36;600.811000;77.813000;21.650;50;PLANCHER 07 (+20.00m)
CP1_GRA_TR6_BK_07_K756_20260610_37;K756_37;601.948000;77.897000;21.650;50;PLANCHER 07 (+20.00m)
CP1_GRA_TR6_BK_07_K756_20260610_38;K756_38;603.474000;77.592000;21.650;50;PLANCHER 07 (+20.00m)
CP1_GRA_TR6_BK_07_K756_20260610_39;K756_39;604.322000;73.946000;21.650;50;PLANCHER 07 (+20.00m)
CP1_GRA_TR6_BK_07_K756_20260610_40;K756_40;602.643000;73.658000;21.650;50;PLANCHER 07 (+20.00m)
CP1_GRA_TR6_BK_07_K756_20260610_41;K756_41;604.508000;69.486000;21.650;50;PLANCHER 07 (+20.00m)
CP1_GRA_TR6_BK_07_K756_20260610_42;K756_42;608.460000;72.708000;21.650;50;PLANCHER 07 (+20.00m)
CP1_GRA_TR6_BK_07_K756_20260610_43;K756_43;610.953000;71.334000;21.650;50;PLANCHER 07 (+20.00m)
CP1_GRA_TR6_BK_07_K756_20260610_44;K756_44;614.718000;70.910000;21.650;50;PLANCHER 07 (+20.00m)
CP1_GRA_TR6_BK_07_K756_20260610_45;K756_45;611.207000;75.744000;21.650;50;PLANCHER 07 (+20.00m)
CP1_GRA_TR6_BK_07_K756_20260610_46;K756_46;609.511000;75.778000;21.650;50;PLANCHER 07 (+20.00m)
CP1_GRA_TR6_BK_07_K756_20260610_47;K756_47;610.325000;77.355000;21.650;50;PLANCHER 07 (+20.00m)
CP1_GRA_TR6_BK_07_K756_20260610_48;K756_48;606.510000;77.219000;21.650;50;PLANCHER 07 (+20.00m)
CP1_GRA_TR6_BK_07_K756_20260610_49;K756_49;613.536000;74.230000;21.650;50;PLANCHER 07 (+20.00m)
CP1_GRA_TR6_BK_07_K756_20260610_50;K756_50;608.660000;77.439000;21.650;50;PLANCHER 07 (+20.00m)
CP1_GRA_TR6_BK_07_K756_20260610_51;K756_51;593.900000;64.220000;21.650;50;PLANCHER 07 (+20.00m)
CP1_GRA_TR6_BK_07_K758_20260423_01;K758_01;613.608000;82.671000;21.650;50;PLANCHER 07 (+20.00m)
CP1_GRA_TR6_BK_07_K758_20260423_02;K758_02;614.088000;80.603000;21.650;50;PLANCHER 07 (+20.00m)
CP1_GRA_TR6_BK_07_K758_20260423_03;K758_03;617.630000;82.423000;21.650;50;PLANCHER 07 (+20.00m)
CP1_GRA_TR6_BK_07_K758_20260423_04;K758_04;615.785000;81.210000;21.650;50;PLANCHER 07 (+20.00m)
CP1_GRA_TR6_BK_07_K758_20260423_05;K758_05;617.506000;80.355000;21.650;50;PLANCHER 07 (+20.00m)
CP1_GRA_TR6_BK_07_KXXX_20260423_01;KXXX_01;587.648000;78.420000;21.650;50;PLANCHER 07 (+20.00m)
CP1_GRA_TR6_BK_07_KXXX_20260423_02;KXXX_02;586.217000;78.533000;21.650;50;PLANCHER 07 (+20.00m)
CP1_GRA_TR6_BK_07_W251_20260423_01;W251_01;587.830000;76.984000;21.650;50;PLANCHER 07 (+20.00m)
CP1_GRA_TR6_BK_07_W251_20260423_02;W251_02;587.482000;72.110000;17.750;50;PLANCHER 07 (+20.00m)
